gw,team,name,mins,rating,sot,shots,bcc,bcm,kp,xg,xa,g,a,tkl,intc,clr,saves,gprev,penWon,player,fpl_id,fpl_mins,fG,fA,fxg,fxa,Pts,CS,dc,bps,fpl_saves,team_xga,xgot,starts
1,Arsenal,Ben White,90,7.8,0,1,0,0,2,0.177,0.209544,0,1,1,1,3,0,0.0,0,Ben White,10,90,0,1,0.18,0.21,11,1,5,37,0,0.2,0.0,1
1,Arsenal,Bukayo Saka,68,7.9,1,3,0,0,2,0.6432,0.0763784,1,0,1,0,2,0,0.0,0,Bukayo Saka,12,67,1,0,0.64,0.08,9,1,7,36,0,0.2,0.9872,1
1,Arsenal,Christos Tzolis,76,7.5,2,4,0,0,3,0.1935,0.142753,0,0,1,0,2,0,0.0,0,Christos Tzolis,557,75,0,1,0.19,0.14,6,1,6,30,0,0.2,0.0403,1
1,Arsenal,Cristhian Mosquera,90,6.8,0,0,0,0,0,0.0,0.00332523,0,0,0,1,5,0,0.0,0,Cristhian Mosquera,11,90,0,0,0.0,0.0,6,1,6,27,0,0.2,0.0,1
1,Arsenal,David Raya,90,7.0,0,0,0,0,0,0.0,0.00135718,0,0,0,0,1,1,0.0369,0,David Raya,1,90,0,0,0.0,0.0,6,1,0,24,1,0.2,0.0,1
1,Arsenal,Declan Rice,68,7.4,0,2,0,0,0,0.0728,0.0765014,0,0,0,1,2,0,0.0,0,Declan Rice,13,67,0,0,0.07,0.08,3,1,6,10,0,0.2,0.0,1
1,Arsenal,Eberechi Eze,14,6.6,0,1,0,0,0,0.0377,0.00445735,0,0,0,0,0,0,0.0,0,Eberechi Eze,14,14,0,0,0.04,0.0,1,0,2,4,0,0.2,0.0,0
1,Arsenal,Gabriel Magalhães,90,6.4,0,1,0,0,0,0.0467,0.00931741,0,0,0,1,3,0,0.0,0,Gabriel Magalhães,4,90,0,0,0.05,0.01,5,1,4,21,0,0.2,0.0,1
1,Arsenal,Kai Havertz,90,7.6,1,1,0,0,1,0.2608,0.0259355,1,0,0,1,1,0,0.0,0,Kai Havertz,26,90,1,0,0.26,0.03,6,1,2,34,0,0.2,0.8716,1
1,Arsenal,Martin Ødegaard,76,8.4,1,3,0,0,3,0.2051,0.0978893,1,0,3,0,1,0,0.0,0,Martin Ødegaard,15,75,1,0,0.21,0.1,11,1,8,41,0,0.2,0.1556,1
1,Arsenal,Martín Zubimendi,22,6.8,0,0,0,0,0,0.0,0.0182997,0,0,1,0,0,0,0.0,0,Martín Zubimendi,19,22,0,0,0.0,0.02,1,0,3,3,0,0.2,0.0,0
1,Arsenal,Mikel Merino,14,6.9,1,2,0,0,0,0.1449,0.0176677,0,0,0,0,0,0,0.0,0,Mikel Merino,17,14,0,0,0.14,0.02,1,0,2,5,0,0.2,0.3823,0
1,Arsenal,Myles Lewis-Skelly,90,7.5,0,1,0,0,1,0.057,0.106674,0,0,1,0,0,0,0.0,0,Myles Lewis-Skelly,7,90,0,0,0.06,0.11,3,1,7,15,0,0.2,0.0,1
1,Arsenal,Noni Madueke,22,6.9,0,0,0,0,4,0.0,0.0413811,0,0,0,0,0,0,0.0,0,Noni Madueke,16,22,0,0,0.0,0.04,1,0,2,8,0,0.2,0.0,0
1,Arsenal,Piero Hincapié,9,6.6,0,0,0,0,0,0.0,0.00275861,0,0,0,0,0,0,0.0,0,Piero Hincapié,9,9,0,0,0.0,0.0,1,0,0,3,0,0.2,0.0,0
1,Arsenal,Riccardo Calafiori,81,7.2,0,1,0,0,1,0.0434,0.0937923,0,1,1,0,4,0,0.0,0,Riccardo Calafiori,8,80,0,1,0.04,0.09,9,1,5,31,0,0.2,0.0,1
1,Aston Villa,Alejandro Garnacho,9,6.3,0,0,0,0,0,0.0,0.0,0,0,0,0,0,0,0.0,0,Alejandro Garnacho,160,4,0,0,0.0,0.0,1,0,0,2,0,3.77,0.0,0
1,Aston Villa,Alysson,8,6.6,0,0,0,0,0,0.0,0.0,0,0,1,0,1,0,0.0,0,Alysson,52,8,0,0,0.0,0.0,1,0,3,5,0,3.77,0.0,0
1,Aston Villa,Boubacar Kamara,90,6.2,0,0,0,0,0,0.0,0.00155115,0,0,2,1,1,0,0.0,0,Boubacar Kamara,47,90,0,0,0.0,0.0,2,0,7,9,0,3.77,0.0,1
1,Aston Villa,Emiliano Buendía,86,6.6,0,3,0,0,1,0.1287,0.0876847,0,0,1,2,1,0,0.0,0,Emiliano Buendía,41,85,0,0,0.13,0.09,2,0,7,4,0,3.77,0.0,1
1,Aston Villa,George Hemmings,90,6.4,0,0,0,0,1,0.0,0.00144232,0,0,3,0,0,0,0.0,0,George Hemmings,51,90,0,0,0.0,0.0,2,0,5,12,0,3.77,0.0,1
1,Aston Villa,Ian Maatsen,82,5.4,0,1,0,0,0,0.0261,0.00294576,0,0,2,2,5,0,0.0,0,Ian Maatsen,36,81,0,0,0.03,0.0,0,0,9,-9,0,3.77,0.0,1
1,Aston Villa,John McGinn,82,6.2,0,1,0,0,0,0.0355,0.00526405,0,0,1,1,1,0,0.0,0,John McGinn,45,81,0,0,0.04,0.01,1,0,6,8,0,3.77,0.0,1
1,Aston Villa,João Gomes,40,5.0,0,0,0,0,1,0.0,0.00575291,0,0,4,0,1,0,0.0,0,João Gomes,54,39,0,0,0.0,0.01,-2,0,7,-2,0,3.77,0.0,1
1,Aston Villa,Lamare Bogarde,16,6.7,0,0,0,0,0,0.0,0.00161103,0,0,0,0,1,0,0.0,0,Lamare Bogarde,35,16,0,0,0.0,0.0,1,0,1,3,0,3.77,0.0,0
1,Aston Villa,Marco Bizot,90,6.4,0,0,0,0,0,0.0,0.00102939,0,0,0,0,2,3,-0.4111,0,Marco Bizot,29,90,0,0,0.0,0.0,1,0,0,1,3,3.77,0.0,1
1,Aston Villa,Matteo Ruggeri,8,6.9,0,0,0,0,0,0.0,0.00011302,0,0,2,0,0,0,0.0,0,Matteo Ruggeri,596,8,0,0,0.0,0.0,1,0,2,3,0,3.77,0.0,0
1,Aston Villa,Matty Cash,90,6.3,0,0,0,0,0,0.0,0.00318939,0,0,2,1,3,0,0.0,0,Matty Cash,32,90,0,0,0.0,0.0,-1,0,7,-8,0,3.77,0.0,1
1,Aston Villa,Pau Torres,74,4.9,0,0,0,0,0,0.0,0.00312322,0,0,0,1,4,0,0.0,0,Pau Torres,34,73,0,0,0.0,0.0,0,0,5,-14,0,3.77,0.0,1
1,Aston Villa,Ross Barkley,74,6.5,0,1,0,0,2,0.0964,0.0169328,0,0,0,0,0,0,0.0,0,Ross Barkley,46,73,0,0,0.1,0.02,2,0,1,11,0,3.77,0.0,1
1,Aston Villa,Tyrone Mings,16,6.8,0,0,0,0,0,0.0,0.0,0,0,1,0,0,0,0.0,0,Tyrone Mings,33,16,0,0,0.0,0.0,1,0,1,5,0,3.77,0.0,0
1,Aston Villa,Victor Lindelöf,90,5.0,0,0,0,0,0,0.0,0.00074572,0,0,0,0,3,0,0.0,0,Victor Lindelöf,37,90,0,0,0.0,0.0,-2,0,3,-13,0,3.77,0.0,1
1,Bournemouth,Adam Smith,90,6.1,0,0,0,0,0,0.0,0.00255285,0,0,1,2,2,0,0.0,0,Adam Smith,64,90,0,0,0.0,0.0,1,0,5,4,0,2.25,0.0,1
1,Bournemouth,Adrien Truffert,90,6.6,0,0,0,0,0,0.0,0.00362241,0,0,2,0,4,0,0.0,0,Adrien Truffert,61,90,0,0,0.0,0.0,1,0,7,0,0,2.25,0.0,1
1,Bournemouth,Alex Scott,90,7.0,0,0,0,0,0,0.0,0.00679912,0,0,4,1,0,0,0.0,0,Alex Scott,69,90,0,0,0.0,0.01,2,0,11,17,0,2.25,0.0,1
1,Bournemouth,Alex Tóth,15,6.3,0,0,0,0,0,0.0,0.00350405,0,0,1,0,0,0,0.0,0,Alex Tóth,76,15,0,0,0.0,0.0,1,0,2,5,0,2.25,0.0,0
1,Bournemouth,António Silva,90,6.6,0,0,0,0,0,0.0,0.00225084,0,0,0,0,11,0,0.0,0,António Silva,566,90,0,0,0.0,0.0,2,0,13,5,0,2.25,0.0,1
1,Bournemouth,Ben Gannon-Doak,1,0.0,0,0,0,0,0,0.0,0.00167246,0,0,0,0,0,0,0.0,0,Ben Gannon-Doak,72,1,0,0,0.0,0.0,1,0,1,3,0,2.25,0.0,0
1,Bournemouth,Daniel Jebbison,15,6.8,1,1,0,0,0,0.0969,0.00394837,0,0,0,0,0,0,0.0,0,Daniel Jebbison,608,15,0,0,0.1,0.0,1,0,1,6,0,2.25,0.1137,0
1,Bournemouth,Evanilson,75,6.6,0,0,1,0,1,0.0,0.214978,0,1,1,3,1,0,0.0,0,Evanilson,79,74,0,1,0.0,0.21,4,1,8,17,0,2.25,0.0,1
1,Bournemouth,James Hill,90,6.5,0,0,0,0,0,0.0,0.00297104,0,0,1,0,5,0,0.0,0,James Hill,60,90,0,0,0.0,0.0,1,0,6,0,0,2.25,0.0,1
1,Bournemouth,Justin Kluivert,75,7.2,1,1,0,0,1,0.1064,0.00259,0,0,3,1,0,0,0.0,0,Justin Kluivert,70,74,0,0,0.11,0.0,3,1,9,15,0,2.25,0.4255,1
1,Bournemouth,Lewis Cook,75,6.5,0,0,0,0,0,0.0,0.00140498,0,0,1,2,1,0,0.0,0,Lewis Cook,71,75,0,0,0.0,0.0,3,1,7,8,0,2.25,0.0,1
1,Bournemouth,Marcus Tavernier,90,7.5,1,2,0,0,1,0.4007,0.0759027,1,0,2,0,2,0,0.0,0,Marcus Tavernier,68,90,1,0,0.4,0.08,10,0,8,32,0,2.25,0.9341,1
1,Bournemouth,Rayan,89,6.1,1,1,0,0,1,0.0421,0.0260107,0,0,0,1,0,0,0.0,0,Rayan,67,88,0,0,0.04,0.03,2,0,1,9,0,2.25,0.2238,1
1,Bournemouth,Tyler Adams,15,6.3,0,0,0,0,0,0.0,0.00166146,0,0,0,3,0,0,0.0,0,Tyler Adams,73,15,0,0,0.0,0.0,1,0,3,4,0,2.25,0.0,0
1,Bournemouth,Đorđe Petrović,90,7.7,0,0,0,0,0,0.0,0.00097423,0,0,0,0,2,4,0.6772,0,Đorđe Petrović,57,90,0,0,0.0,0.0,2,0,0,13,4,2.25,0.0,1
1,Brentford,Aaron Hickey,14,6.6,0,0,0,0,0,0.0,0.00125164,0,0,0,0,0,0,0.0,0,Aaron Hickey,90,14,0,0,0.0,0.0,1,0,0,2,0,0.57,0.0,0
1,Brentford,Callum Wilson,12,7.0,0,1,0,0,1,0.033,0.0373702,0,0,0,0,0,0,0.0,0,Callum Wilson,108,7,0,0,0.03,0.04,1,0,0,4,0,0.57,0.0,0
1,Brentford,Caoimhin Kelleher,90,8.0,0,0,0,0,0,0.0,0.00524545,0,0,0,0,0,4,0.6078,0,Caoimhin Kelleher,82,90,0,0,0.0,0.01,7,1,0,34,4,0.57,0.0,1
1,Brentford,Dango Ouattara,67,6.4,0,2,0,0,3,0.0498,0.287399,0,0,0,2,0,0,0.0,0,Dango Ouattara,95,66,0,0,0.05,0.29,3,1,6,6,0,0.57,0.0,1
1,Brentford,Igor Thiago,83,6.1,0,2,0,1,0,1.0014,0.0830059,0,0,0,0,0,0,0.0,0,Igor Thiago,106,82,0,0,1.0,0.08,0,1,5,-3,0,0.57,0.0,1
1,Brentford,Jaidon Anthony,23,7.7,0,1,0,0,3,0.027,0.351818,0,0,2,0,0,0,0.0,0,Jaidon Anthony,105,23,0,0,0.03,0.35,1,0,8,9,0,0.57,0.0,0
1,Brentford,Keane Lewis-Potter,90,7.8,1,2,0,0,1,0.7701,0.117822,1,0,1,2,2,0,0.0,0,Keane Lewis-Potter,86,90,1,0,0.77,0.12,10,1,10,37,0,0.57,0.8204,1
1,Brentford,Kevin Schade,90,7.9,2,5,0,0,1,0.5242,0.0122089,0,0,3,0,1,0,0.0,1,Kevin Schade,94,90,0,0,0.52,0.01,3,1,9,17,0,0.57,0.3533,1
1,Brentford,Kristoffer Ajer,90,7.5,1,1,0,0,0,0.1071,0.0201078,0,0,2,2,6,0,0.0,0,Kristoffer Ajer,87,90,0,0,0.11,0.02,8,1,10,29,0,0.57,0.122,1
1,Brentford,Mamadou Sangare,76,7.3,1,1,1,0,2,0.0527,0.325372,0,1,2,2,2,0,0.0,0,Mamadou Sangare,565,75,0,2,0.05,0.33,14,1,13,41,0,0.57,0.18,1
1,Brentford,Mathias Jensen,67,7.4,1,2,1,1,3,0.082,0.338153,0,0,2,0,0,0,0.0,0,Mathias Jensen,97,66,0,1,0.08,0.34,6,1,5,22,0,0.57,0.0637,1
1,Brentford,Michael Kayode,76,7.6,1,4,0,0,0,0.5007,0.00071952,1,0,0,3,1,0,0.0,0,Michael Kayode,88,75,1,0,0.5,0.0,13,1,4,36,0,0.57,0.9699,1
1,Brentford,Mikkel Damsgaard,14,7.5,0,0,0,0,2,0.0,0.107965,0,0,1,0,0,0,0.0,0,Mikkel Damsgaard,96,14,0,0,0.0,0.11,1,0,4,6,0,0.57,0.0,0
1,Brentford,Nathan Collins,90,6.8,0,2,0,1,2,0.3367,0.037136,0,0,0,0,3,0,0.0,0,Nathan Collins,84,90,0,0,0.34,0.04,6,1,3,21,0,0.57,0.0,1
1,Brentford,Vitaly Janelt,90,7.9,1,2,0,0,2,0.386,0.17337,1,0,4,4,1,0,0.0,0,Vitaly Janelt,98,90,1,0,0.39,0.17,9,1,13,35,0,0.57,0.6119,1
1,Brentford,Yehor Yarmoliuk,23,6.8,0,1,0,0,0,0.0351,0.00482783,0,0,2,1,0,0,0.0,0,Yehor Yarmoliuk,102,23,0,0,0.04,0.0,1,0,6,7,0,0.57,0.0,0
1,Brighton,Bart Verbruggen,90,6.9,0,0,0,0,0,0.0,0.00046814,0,0,0,0,0,0,0.0,0,Bart Verbruggen,109,90,0,0,0.0,0.0,6,1,0,25,0,0.29,0.0,1
1,Brighton,Charalampos Kostoulas,26,6.4,0,2,0,1,0,0.1765,0.00151342,0,0,1,0,0,0,0.0,0,Charalampos Kostoulas,138,26,0,0,0.18,0.0,1,0,2,-1,0,0.29,0.0,0
1,Brighton,Costinha,26,6.6,1,2,0,0,0,0.1245,0.00365514,0,0,1,1,2,0,0.0,0,Costinha,119,26,0,0,0.12,0.0,1,0,4,7,0,0.29,0.0273,0
1,Brighton,Diego Gómez,86,8.3,2,3,1,0,2,0.1838,0.481699,0,1,3,1,1,0,0.0,0,Diego Gómez,127,85,0,1,0.18,0.48,6,1,6,27,0,0.29,1.0043,1
1,Brighton,Georginio Rutter,90,7.6,0,2,1,0,1,0.0786,0.443403,0,1,2,0,1,0,0.0,0,Georginio Rutter,125,90,0,1,0.08,0.44,5,1,7,22,0,0.29,0.0,1
1,Brighton,Ibrahim Osman,12,6.5,0,0,0,0,1,0.0,0.050334,0,0,0,0,0,0,0.0,0,Ibrahim Osman,600,12,0,0,0.0,0.05,1,0,2,7,0,0.29,0.0,0
1,Brighton,Jack Hinshelwood,64,9.0,2,3,0,0,1,1.4118,0.0155949,2,0,2,0,0,0,0.0,0,Jack Hinshelwood,123,63,2,0,1.41,0.02,16,1,3,54,0,0.29,1.5658,1
1,Brighton,Lewis Dunk,90,7.7,0,0,0,0,0,0.0,0.0394416,0,0,1,1,0,0,0.0,0,Lewis Dunk,116,90,0,0,0.0,0.04,6,1,2,24,0,0.29,0.0,1
1,Brighton,Luka Vušković,90,7.9,0,2,0,1,0,0.1268,0.0344065,0,0,0,0,4,0,0.0,0,Luka Vušković,504,90,0,0,0.13,0.03,6,1,4,19,0,0.29,0.0,1
1,Brighton,Malick Yalcouyé,9,6.6,0,0,0,0,0,0.0,0.00546877,0,0,0,0,0,0,0.0,0,Malick Yalcouyé,605,4,0,0,0.0,0.01,1,0,0,3,0,0.29,0.0,0
1,Brighton,Mats Wieffer,78,7.2,0,1,0,0,2,0.0859,0.0502732,0,0,4,4,0,0,0.0,0,Mats Wieffer,130,77,0,0,0.09,0.05,7,1,8,32,0,0.29,0.0,1
1,Brighton,Maxim De Cuyper,78,8.2,1,4,0,1,4,1.4668,0.21146,1,0,3,1,0,0,0.0,0,Maxim De Cuyper,115,77,1,1,1.47,0.21,17,1,4,46,0,0.29,0.9915,1
1,Brighton,Olivier Boscagli,90,7.7,0,0,0,0,0,0.0,0.037316,0,0,1,2,3,0,0.0,0,Olivier Boscagli,114,90,0,0,0.0,0.04,6,1,6,29,0,0.29,0.0,1
1,Brighton,Pascal Groß,90,7.3,0,0,1,0,4,0.0,0.268424,0,0,3,0,0,0,0.0,0,Pascal Groß,124,90,0,0,0.0,0.27,2,1,5,18,0,0.29,0.0,1
1,Brighton,Yasin Ayari,64,6.3,0,2,0,0,1,0.1115,0.0292607,0,0,0,0,1,0,0.0,0,Yasin Ayari,129,63,0,0,0.11,0.03,2,1,4,8,0,0.29,0.0,1
1,Brighton,Zadok Yohanna,12,6.6,0,0,0,0,0,0.0,0.0256678,0,0,0,0,0,0,0.0,0,Zadok Yohanna,135,12,0,0,0.0,0.03,1,0,0,3,0,0.29,0.0,0
1,Chelsea,Cole Palmer,83,9.0,2,5,1,0,3,0.283,0.18864,1,1,2,0,0,0,0.0,0,Cole Palmer,154,82,1,1,0.28,0.19,13,0,9,60,0,1.33,0.1951,1
1,Chelsea,Enzo Fernández,25,6.9,0,0,0,0,1,0.0,0.0157692,0,0,0,0,0,0,0.0,0,Enzo Fernández,155,25,0,0,0.0,0.02,1,0,3,6,0,1.33,0.0,0
1,Chelsea,Estêvão,12,6.4,0,0,0,0,0,0.0,0.00185821,0,0,0,0,0,0,0.0,0,Estêvão,157,7,0,0,0.0,0.0,1,0,1,3,0,1.33,0.0,0
1,Chelsea,Geovany Quenda,8,6.5,0,0,0,0,0,0.0,0.00015949,0,0,0,0,1,0,0.0,0,Geovany Quenda,164,8,0,0,0.0,0.0,1,0,1,2,0,1.33,0.0,0
1,Chelsea,Jorrel Hato,65,6.5,0,1,1,0,1,0.014,0.0336737,0,0,2,0,1,0,0.0,0,Jorrel Hato,148,64,0,0,0.01,0.03,1,0,3,5,0,1.33,0.0,1
1,Chelsea,Josh Acheampong,90,7.1,0,0,0,0,0,0.0,0.0127477,0,0,5,1,7,0,0.0,0,Josh Acheampong,151,90,0,0,0.0,0.01,3,0,15,13,0,1.33,0.0,1
1,Chelsea,João Pedro,90,7.9,1,4,1,0,2,0.627,0.0553919,1,1,0,0,1,0,0.0,0,João Pedro,165,90,1,1,0.63,0.06,11,0,3,45,0,1.33,0.4814,1
1,Chelsea,Levi Colwill,90,6.0,0,1,0,0,0,0.0131,0.0289019,0,0,2,0,2,0,0.0,0,Levi Colwill,149,90,0,0,0.01,0.03,0,0,4,6,0,1.33,0.0,1
1,Chelsea,Malo Gusto,76,6.4,0,0,0,0,0,0.0,0.0346803,0,0,1,1,1,0,0.0,0,Malo Gusto,144,75,0,0,0.0,0.03,1,0,3,2,0,1.33,0.0,1
1,Chelsea,Maxence Lacroix,90,7.3,0,0,1,0,1,0.0,0.199823,0,1,5,2,4,0,0.0,0,Maxence Lacroix,200,90,0,1,0.0,0.2,6,0,12,25,0,1.33,0.0,1
1,Chelsea,Morgan Rogers,82,8.4,1,3,0,0,5,0.9622,0.102401,1,0,2,0,0,0,0.0,0,Morgan Rogers,40,81,1,0,0.96,0.1,8,0,7,37,0,1.33,0.9933,1
1,Chelsea,Pedro Neto,14,7.1,0,1,0,0,0,0.0276,0.0691625,0,0,1,0,0,0,0.0,0,Pedro Neto,156,14,0,0,0.03,0.07,1,0,4,9,0,1.33,0.0,0
1,Chelsea,Pep Chavarría,25,6.5,0,0,0,0,0,0.0,0.00039826,0,0,0,0,1,0,0.0,0,Pep Chavarría,583,25,0,0,0.0,0.0,1,0,1,3,0,1.33,0.0,0
1,Chelsea,Reece James,90,6.7,1,2,0,0,1,0.103,0.0702525,0,0,0,2,2,0,0.0,0,Reece James,142,90,0,0,0.1,0.07,0,0,6,5,0,1.33,0.0214,1
1,Chelsea,Robert Sánchez,90,5.8,0,0,0,0,0,0.0,0.00639656,0,0,0,0,1,4,-0.8287,0,Robert Sánchez,140,90,0,0,0.0,0.01,2,0,0,6,4,1.33,0.0,1
1,Chelsea,Roméo Lavia,65,6.9,1,1,0,1,2,0.2087,0.0308349,0,0,3,1,1,0,0.0,0,Roméo Lavia,161,64,0,0,0.21,0.03,1,0,9,8,0,1.33,0.3301,1
1,Coventry City,Aurèle Amenda,90,7.1,0,0,0,0,0,0.0,0.00576211,0,0,0,0,6,0,0.0,0,Aurèle Amenda,182,90,0,0,0.0,0.01,1,0,9,1,0,1.88,0.0,1
1,Coventry City,Bobby Thomas,90,7.1,0,1,0,0,1,0.0183,0.0136288,0,0,1,0,7,0,0.0,0,Bobby Thomas,173,90,0,0,0.02,0.01,3,0,10,11,0,1.88,0.0,1
1,Coventry City,Brandon Thomas-Asante,70,6.3,0,0,0,0,0,0.0,0.0168997,0,0,0,4,1,0,0.0,0,Brandon Thomas-Asante,194,69,0,0,0.0,0.02,2,0,6,9,0,1.88,0.0,1
1,Coventry City,Caleb Yirenkyi,62,6.1,0,0,0,0,0,0.0,0.00450728,0,0,0,0,0,0,0.0,0,Caleb Yirenkyi,575,61,0,0,0.0,0.0,1,0,3,2,0,1.88,0.0,1
1,Coventry City,Carl Rushworth,90,7.0,0,0,0,0,0,0.0,0.00588625,0,0,0,0,1,2,-0.5631,0,Carl Rushworth,110,90,0,0,0.0,0.01,1,0,0,0,2,1.88,0.0,1
1,Coventry City,Ellis Simms,70,6.6,0,0,0,0,1,0.0,0.00676704,0,0,0,0,1,0,0.0,0,Ellis Simms,195,69,0,0,0.0,0.01,2,0,3,7,0,1.88,0.0,1
1,Coventry City,Frank Onyeka,90,6.3,0,0,0,0,0,0.0,0.00505671,0,0,1,3,0,0,0.0,0,Frank Onyeka,104,90,0,0,0.0,0.01,2,0,9,8,0,1.88,0.0,1
1,Coventry City,Gustavo Hamer,8,6.5,0,0,0,0,0,0.0,0.0014841,0,0,0,0,0,0,0.0,0,Gustavo Hamer,584,8,0,0,0.0,0.0,1,0,1,3,0,1.88,0.0,0
1,Coventry City,Jack Rudoni,20,6.7,1,1,0,1,0,0.1455,0.00119122,0,0,1,0,0,0,0.0,0,Jack Rudoni,183,20,0,0,0.15,0.0,1,0,5,3,0,1.88,0.0369,0
1,Coventry City,Jay DaSilva,90,6.0,0,0,0,0,0,0.0,0.0232149,0,0,0,0,5,0,0.0,0,Jay DaSilva,176,90,0,0,0.0,0.02,1,0,6,-4,0,1.88,0.0,1
1,Coventry City,Loum Tchaouna,82,6.3,0,2,0,0,0,0.0405,0.0218038,0,0,0,0,3,0,0.0,0,Loum Tchaouna,190,81,0,0,0.04,0.02,2,0,8,11,0,1.88,0.0,1
1,Coventry City,Matt Grimes,90,7.0,0,0,0,0,0,0.0,0.0145097,0,0,0,0,3,0,0.0,0,Matt Grimes,184,90,0,0,0.0,0.01,2,0,7,14,0,1.88,0.0,1
1,Coventry City,Milan van Ewijk,90,5.4,0,0,0,0,0,0.0,0.00713936,0,0,1,1,3,0,0.0,0,Milan van Ewijk,175,90,0,0,0.0,0.01,1,0,7,-8,0,1.88,0.0,1
1,Coventry City,Taiwo Awoniyi,20,6.6,0,0,0,0,0,0.0,0.00049075,0,0,0,0,0,0,0.0,0,Taiwo Awoniyi,492,20,0,0,0.0,0.0,1,0,1,4,0,1.88,0.0,0
1,Coventry City,Victor Torp,28,6.7,0,0,1,0,1,0.0,0.11137,0,0,0,1,0,0,0.0,0,Victor Torp,188,28,0,0,0.0,0.11,1,0,1,8,0,1.88,0.0,0
1,Crystal Palace,Adam Wharton,90,6.8,0,0,1,0,2,0.0,0.243032,0,0,2,3,1,0,0.0,0,Adam Wharton,210,90,0,0,0.0,0.24,4,0,14,20,0,1.12,0.0,1
1,Crystal Palace,Anan Khalaili,35,7.5,0,0,0,0,2,0.0,0.155319,0,0,4,1,3,0,0.0,0,Anan Khalaili,588,35,0,0,0.0,0.16,1,0,9,12,0,1.12,0.0,0
1,Crystal Palace,Chadi Riad,72,6.4,0,0,0,0,0,0.0,0.00672663,0,0,1,1,5,0,0.0,0,Chadi Riad,206,72,0,0,0.0,0.01,1,0,7,7,0,1.12,0.0,1
1,Crystal Palace,Chris Richards,90,6.8,0,0,0,0,0,0.0,0.00380868,0,0,2,2,9,0,0.0,0,Chris Richards,202,90,0,0,0.0,0.0,3,0,16,13,0,1.12,0.0,1
1,Crystal Palace,Daichi Kamada,90,7.1,0,0,1,0,2,0.0,0.267717,0,0,3,1,2,0,0.0,0,Daichi Kamada,214,90,0,0,0.0,0.27,3,0,14,25,0,1.12,0.0,1
1,Crystal Palace,Daniel Muñoz,55,5.9,1,2,0,1,0,0.2264,0.00968689,0,0,1,1,2,0,0.0,0,Daniel Muñoz,377,27,0,1,0.1,0.04,4,0,0,15,0,1.12,0.1572,0
1,Crystal Palace,Dean Henderson,90,6.9,0,0,0,0,0,0.0,7.385e-05,0,0,0,0,3,3,-0.3452,0,Dean Henderson,198,90,0,0,0.0,0.0,2,0,0,14,3,1.12,0.0,1
1,Crystal Palace,Dwight McNeil,63,6.5,0,1,0,0,0,0.0485,0.0226074,0,0,0,0,2,0,0.0,0,Dwight McNeil,241,62,0,0,0.05,0.02,2,0,5,11,0,1.12,0.0,1
1,Crystal Palace,Eddie Nketiah,55,7.0,1,1,2,1,2,0.5999,0.577538,0,0,1,0,1,0,0.0,0,Eddie Nketiah,224,55,0,0,0.6,0.58,1,0,3,12,0,1.12,0.6526,1
1,Crystal Palace,Evann Guessand,27,6.3,1,1,0,0,0,0.0316,0.0171976,0,0,1,0,0,0,0.0,0,Evann Guessand,42,27,0,0,0.03,0.02,1,0,1,3,0,1.12,0.0241,0
1,Crystal Palace,Jaydee Canvot,90,6.8,0,1,0,0,0,0.0473,0.0143082,0,0,4,0,2,0,0.0,0,Jaydee Canvot,203,90,0,0,0.05,0.01,1,0,8,9,0,1.12,0.0,1
1,Crystal Palace,Jean-Philippe Mateta,63,5.9,0,2,0,2,1,0.6981,0.0152225,0,0,2,0,1,0,0.0,0,Jean-Philippe Mateta,223,62,0,0,0.7,0.02,2,0,5,-3,0,1.12,0.0,1
1,Crystal Palace,Jørgen Strand Larsen,27,6.1,1,1,0,0,0,0.2511,0.00570817,0,0,0,0,0,0,0.0,0,Jørgen Strand Larsen,222,27,0,0,0.25,0.01,1,0,0,3,0,1.12,0.1067,0
1,Crystal Palace,Takehiro Tomiyasu,18,6.6,0,0,0,0,0,0.0,0.00948454,0,0,0,1,0,0,0.0,0,Takehiro Tomiyasu,577,18,0,0,0.0,0.01,1,0,1,3,0,1.12,0.0,0
1,Crystal Palace,Tyrick Mitchell,90,6.4,0,0,0,0,1,0.0,0.0140754,0,0,2,0,3,0,0.0,0,Tyrick Mitchell,204,90,0,0,0.0,0.01,1,0,5,9,0,1.12,0.0,1
1,Crystal Palace,Yéremy Pino,35,6.6,0,2,0,0,0,0.0584,0.0207893,0,0,2,0,0,0,0.0,0,Yéremy Pino,211,35,0,0,0.06,0.02,1,0,5,4,0,1.12,0.0,0
1,Everton,Beto,11,6.5,0,1,0,0,0,0.0484,2.634e-05,0,0,0,0,0,0,0.0,0,Beto,248,11,0,0,0.05,0.0,1,0,0,3,0,1.96,0.0,0
1,Everton,Brennan Johnson,14,6.5,0,0,0,0,0,0.0,0.0011954,0,0,0,0,2,0,0.0,0,Brennan Johnson,209,6,0,0,0.0,0.0,1,0,2,3,0,1.96,0.0,0
1,Everton,Carlos Alcaraz,1,0.0,1,1,0,0,0,0.0211,0.00468383,0,0,1,0,0,0,0.0,0,Carlos Alcaraz,243,1,0,0,0.02,0.0,1,0,3,7,0,1.96,0.0369,0
1,Everton,Harrison Armstrong,90,6.8,0,0,0,0,1,0.0,0.0367117,0,1,2,1,1,0,0.0,0,Harrison Armstrong,244,90,0,1,0.0,0.04,8,1,16,25,0,1.96,0.0,1
1,Everton,Hayden Hackney,79,7.1,0,1,0,0,1,0.0098,0.00906305,0,0,2,1,0,0,0.0,0,Hayden Hackney,247,78,0,0,0.01,0.01,3,1,7,16,0,1.96,0.0,1
1,Everton,Iliman Ndiaye,90,7.9,2,2,1,0,3,0.2433,0.320442,0,1,4,0,0,0,0.0,0,Iliman Ndiaye,237,90,0,1,0.24,0.32,9,1,12,36,0,1.96,0.5246,1
1,Everton,James Garner,11,6.7,0,0,0,0,1,0.0,0.0255176,0,0,1,0,0,0,0.0,0,James Garner,239,11,0,0,0.0,0.03,1,0,1,6,0,1.96,0.0,0
1,Everton,James Tarkowski,90,7.0,0,1,0,0,0,0.0512,0.00298478,0,0,1,3,4,0,0.0,0,James Tarkowski,229,90,0,0,0.05,0.0,6,1,9,25,0,1.96,0.0,1
1,Everton,Jarrad Branthwaite,90,7.5,0,0,0,0,0,0.0,0.0127088,0,0,2,1,4,0,0.0,0,Jarrad Branthwaite,230,90,0,0,0.0,0.01,6,1,8,27,0,1.96,0.0,1
1,Everton,Jordan Pickford,90,8.2,0,0,0,0,0,0.0,0.0163532,0,0,0,0,0,4,0.9406,0,Jordan Pickford,226,90,0,0,0.0,0.02,7,1,0,34,4,1.96,0.0,1
1,Everton,Kiernan Dewsbury-Hall,89,8.6,1,3,0,0,2,0.1189,0.171371,1,0,2,0,1,0,0.0,0,Kiernan Dewsbury-Hall,236,90,1,0,0.12,0.17,11,1,8,40,0,1.96,0.4583,1
1,Everton,Merlin Röhl,90,7.4,0,0,0,0,1,0.0,0.0555781,0,0,2,0,2,0,0.0,0,Merlin Röhl,246,90,0,0,0.0,0.06,3,1,9,12,0,1.96,0.0,1
1,Everton,Thierno Barry,79,7.0,1,2,0,0,1,0.4502,0.0861693,1,0,1,0,0,0,0.0,0,Thierno Barry,249,78,1,0,0.45,0.09,8,1,3,37,0,1.96,0.635,1
1,Everton,Tyrique George,84,7.4,0,5,0,0,2,0.1767,0.0752996,0,0,0,2,1,0,0.0,0,Tyrique George,242,83,0,0,0.18,0.08,3,1,7,13,0,1.96,0.0,1
1,Everton,Vitaliy Mykolenko,90,7.2,0,0,0,0,1,0.0,0.0477598,0,0,0,0,4,0,0.0,0,Vitaliy Mykolenko,233,90,0,0,0.0,0.05,6,1,4,27,0,1.96,0.0,1
1,Fulham,Alex Iwobi,90,6.8,0,0,0,0,0,0.0,0.0385336,0,0,1,3,0,0,0.0,0,Alex Iwobi,261,90,0,0,0.0,0.04,2,0,10,17,0,2.24,0.0,1
1,Fulham,Antonee Robinson,82,6.3,0,1,0,1,1,0.133,0.0405071,0,0,3,1,2,0,0.0,0,Antonee Robinson,254,81,0,0,0.13,0.04,1,0,7,4,0,2.24,0.0,1
1,Fulham,Bernd Leno,90,6.2,0,0,0,0,0,0.0,0.00233153,0,0,0,0,1,3,-0.9787,0,Bernd Leno,250,90,0,0,0.0,0.0,2,0,0,11,3,2.24,0.0,1
1,Fulham,Calvin Bassey,90,6.5,0,1,0,0,0,0.0168,0.0228932,0,0,1,0,3,0,0.0,0,Calvin Bassey,257,90,0,0,0.02,0.02,0,0,4,1,0,2.24,0.0,1
1,Fulham,César Palacios,73,6.0,0,2,0,0,0,0.1558,0.00820661,0,0,2,0,0,0,0.0,0,César Palacios,570,72,0,0,0.16,0.01,2,0,4,10,0,2.24,0.0,1
1,Fulham,Gonzalo García,90,7.1,1,3,0,0,0,0.7335,0.00652821,1,0,1,0,0,0,0.0,0,Gonzalo García,569,90,1,0,0.73,0.01,6,0,2,33,0,2.24,0.9396,1
1,Fulham,Jorge Cuenca,90,7.1,0,0,1,0,2,0.0,0.0275607,0,0,1,1,5,0,0.0,0,Jorge Cuenca,255,90,0,0,0.0,0.03,3,0,10,7,0,2.24,0.0,1
1,Fulham,Joshua King,90,7.1,2,3,0,0,1,0.1714,0.0362845,1,0,2,0,2,0,0.0,0,Joshua King,268,90,1,0,0.17,0.04,7,0,8,34,0,2.24,0.0971,1
1,Fulham,Kevin,17,6.4,0,0,0,0,0,0.0,0.00638422,0,0,2,0,0,0,0.0,0,Kevin,263,17,0,0,0.0,0.01,1,0,3,2,0,2.24,0.0,0
1,Fulham,Oscar Bobb,67,6.7,0,0,0,0,1,0.0,0.263776,0,0,3,1,0,0,0.0,0,Oscar Bobb,264,66,0,0,0.0,0.26,2,0,6,10,0,2.24,0.0,1
1,Fulham,Rodrigo Muniz,8,6.7,1,1,0,0,1,0.0196,0.00158714,0,0,0,0,1,0,0.0,0,Rodrigo Muniz,271,8,0,0,0.02,0.0,1,0,1,6,0,2.24,0.0109,0
1,Fulham,Ryan Sessegnon,17,6.6,1,1,0,0,0,0.0325,0.00270599,0,0,0,1,0,0,0.0,0,Ryan Sessegnon,269,17,0,0,0.03,0.0,1,0,1,7,0,2.24,0.0913,0
1,Fulham,Sander Berge,73,6.7,0,1,0,0,2,0.0294,0.0270773,0,0,1,0,0,0,0.0,0,Sander Berge,265,72,0,0,0.03,0.03,2,0,4,14,0,2.24,0.0,1
1,Fulham,Shea Charles,23,6.8,0,0,0,0,0,0.0,0.00463464,0,0,1,0,0,0,0.0,0,Shea Charles,580,23,0,0,0.0,0.0,1,0,3,5,0,2.24,0.0,0
1,Fulham,Timothy Castagne,90,6.6,1,1,0,0,2,0.0932,0.179549,0,1,1,1,3,0,0.0,0,Timothy Castagne,258,90,0,2,0.09,0.18,6,0,6,21,0,2.24,0.0324,1
1,Hull City,Cody Drameh,20,6.7,0,1,0,0,0,0.0475,2.757e-05,0,0,1,1,1,0,0.0,0,Cody Drameh,281,20,0,0,0.05,0.0,1,0,3,4,0,1.83,0.0,0
1,Hull City,Elliot Stroud,71,7.0,0,0,0,0,0,0.0,0.0283311,0,0,3,1,0,0,0.0,0,Elliot Stroud,576,70,0,0,0.0,0.03,3,1,6,11,0,1.83,0.0,1
1,Hull City,John Egan,90,7.6,0,0,0,0,0,0.0,0.00176803,0,0,1,0,17,0,0.0,0,John Egan,277,90,0,0,0.0,0.0,8,1,21,27,0,1.83,0.0,1
1,Hull City,Konstantinos Tzolakis,90,8.1,0,0,0,0,0,0.0,0.00264801,0,0,0,0,0,5,0.5968,0,Konstantinos Tzolakis,572,90,0,0,0.0,0.0,10,1,0,41,5,1.83,0.0,1
1,Hull City,Lewie Coyle,70,7.1,0,0,0,0,1,0.0,0.00692328,0,0,1,0,1,0,0.0,0,Lewie Coyle,280,69,0,0,0.0,0.01,6,1,2,23,0,1.83,0.0,1
1,Hull City,Liam Millar,19,6.6,0,0,0,0,0,0.0,0.00056003,0,0,1,0,1,0,0.0,0,Liam Millar,287,19,0,0,0.0,0.0,0,0,3,2,0,1.83,0.0,0
1,Hull City,Lucas Herrington,26,7.0,0,0,0,0,0,0.0,9.4e-07,0,0,0,0,4,0,0.0,0,Lucas Herrington,585,26,0,0,0.0,0.0,1,0,4,4,0,1.83,0.0,0
1,Hull City,Matt Crooks,90,7.1,0,0,0,0,0,0.0,0.00395772,0,0,4,0,2,0,0.0,0,Matt Crooks,289,90,0,0,0.0,0.0,2,1,9,9,0,1.83,0.0,1
1,Hull City,Matt Targett,12,6.8,0,0,0,0,0,0.0,0.00054112,0,0,0,0,0,0,0.0,0,Matt Targett,556,5,0,0,0.0,0.0,1,0,0,3,0,1.83,0.0,0
1,Hull City,Mohamed Belloumi,90,6.8,0,2,0,0,0,0.048,0.0331074,0,0,4,1,1,0,0.0,0,Mohamed Belloumi,286,90,0,0,0.05,0.03,3,1,10,8,0,1.83,0.0,1
1,Hull City,Nobel Mendy,64,8.0,1,1,0,0,0,0.2783,0.00167427,1,0,0,0,12,0,0.0,0,Nobel Mendy,586,63,1,0,0.28,0.0,15,1,13,35,0,1.83,0.4808,1
1,Hull City,Oli McBurnie,90,6.7,2,2,0,1,2,0.1558,0.011378,0,0,0,0,3,0,0.0,0,Oli McBurnie,295,90,0,1,0.16,0.01,5,1,5,21,0,1.83,0.4735,1
1,Hull City,Paddy McNair,26,6.7,0,0,0,0,0,0.0,0.0001188,0,0,0,0,2,0,0.0,0,Paddy McNair,285,26,0,0,0.0,0.0,1,0,2,3,0,1.83,0.0,0
1,Hull City,Regan Slater,90,7.3,0,0,1,0,1,0.0,0.441125,0,1,1,0,0,0,0.0,0,Regan Slater,290,90,0,1,0.0,0.44,6,1,3,20,0,1.83,0.0,1
1,Hull City,Ryan Giles,85,7.3,0,1,0,0,1,0.021,0.0733466,0,0,1,1,4,0,0.0,0,Ryan Giles,282,84,0,0,0.02,0.07,6,1,6,24,0,1.83,0.0,1
1,Hull City,Semi Ajayi,64,7.6,1,1,0,0,0,0.523,0.00155093,1,0,0,2,5,0,0.0,0,Semi Ajayi,279,63,1,0,0.52,0.0,14,1,7,39,0,1.83,0.9723,1
1,Ipswich Town,Abdoul Ouattara,10,6.8,0,0,0,0,1,0.0,0.00097056,0,0,0,0,2,0,0.0,0,Abdoul Ouattara,592,10,0,0,0.0,0.0,1,0,2,4,0,0.66,0.0,0
1,Ipswich Town,Abdul Fatawu Issahaku,66,7.6,0,0,1,0,2,0.0,0.4052,0,0,4,1,0,0,0.0,0,Abdul Fatawu Issahaku,315,65,0,0,0.0,0.41,2,0,7,22,0,0.66,0.0,1
1,Ipswich Town,Chuba Akpom,24,6.5,0,0,0,0,0,0.0,7.738e-05,0,0,1,0,0,0,0.0,0,Chuba Akpom,320,24,0,0,0.0,0.0,1,0,3,3,0,0.66,0.0,0
1,Ipswich Town,Daizen Maeda,80,6.3,0,1,0,1,0,0.6091,0.00360846,0,0,4,0,2,0,0.0,0,Daizen Maeda,562,79,0,0,0.61,0.0,2,0,9,7,0,0.66,0.0,1
1,Ipswich Town,Dara O'Shea,90,7.5,0,0,0,0,2,0.0,0.158328,0,0,2,2,12,0,0.0,0,Dara O'Shea,304,90,0,0,0.0,0.16,4,0,18,16,0,0.66,0.0,1
1,Ipswich Town,Emersonn,66,7.9,2,3,0,0,2,0.8201,0.0625768,1,0,1,0,1,0,0.0,0,Emersonn,316,65,1,0,0.82,0.06,9,0,3,41,0,0.66,1.002,1
1,Ipswich Town,Issa Diop,90,5.9,0,0,0,0,0,0.0,0.0130036,0,0,1,2,2,0,0.0,0,Issa Diop,259,90,0,0,0.0,0.01,2,0,5,7,0,0.66,0.0,1
1,Ipswich Town,Jack Clarke,19,7.7,1,2,0,0,0,0.1025,0.00180591,1,0,1,0,0,0,0.0,0,Jack Clarke,313,19,1,0,0.1,0.0,7,0,2,27,0,0.66,0.6268,0
1,Ipswich Town,Jacob Greaves,90,6.9,0,0,0,0,0,0.0,0.00477302,0,0,3,0,4,0,0.0,0,Jacob Greaves,306,90,0,0,0.0,0.0,2,0,7,12,0,0.66,0.0,1
1,Ipswich Town,Julio Enciso,71,7.7,0,3,1,0,1,0.2314,0.311418,0,1,1,1,1,0,0.0,0,Julio Enciso,591,70,0,1,0.23,0.31,5,0,8,24,0,0.66,0.0,1
1,Ipswich Town,Kasey McAteer,24,6.6,0,0,0,0,0,0.0,0.00474216,0,0,1,0,0,0,0.0,0,Kasey McAteer,323,24,0,0,0.0,0.0,1,0,3,4,0,0.66,0.0,0
1,Ipswich Town,Kjell Scherpen,90,6.6,0,0,0,0,0,0.0,0.00182497,0,0,0,0,1,2,-0.6538,0,Kjell Scherpen,564,90,0,0,0.0,0.0,2,0,0,12,2,0.66,0.0,1
1,Ipswich Town,Leif Davis,90,6.9,0,0,0,0,0,0.0,0.0115509,0,0,0,1,5,0,0.0,0,Leif Davis,305,90,0,0,0.0,0.01,2,0,7,10,0,0.66,0.0,1
1,Ipswich Town,Marcelino Núñez,80,7.8,0,1,0,0,0,0.0327,0.0326032,0,0,2,1,2,0,0.0,0,Marcelino Núñez,309,79,0,0,0.03,0.03,4,0,12,26,0,0.66,0.0,1
1,Ipswich Town,Saša Lukić,90,6.6,0,0,0,0,1,0.0,0.019229,0,1,1,1,1,0,0.0,0,Saša Lukić,267,90,0,1,0.0,0.02,5,0,6,22,0,0.66,0.0,1
1,Ipswich Town,Sindre Walle Egeli,10,6.5,0,0,0,0,0,0.0,5.731e-05,0,0,0,0,0,0,0.0,0,Sindre Walle Egeli,321,10,0,0,0.0,0.0,1,0,0,3,0,0.66,0.0,0
1,Leeds,Anton Stach,90,8.0,1,3,0,0,0,0.1003,0.0480202,1,0,3,4,4,0,0.0,0,Anton Stach,335,90,1,0,0.1,0.05,13,1,16,37,0,0.66,0.0763,1
1,Leeds,Brenden Aaronson,82,6.7,1,1,0,0,0,0.0117,0.00705384,0,0,1,0,0,0,0.0,0,Brenden Aaronson,337,81,0,0,0.01,0.01,3,1,7,16,0,0.66,0.025,1
1,Leeds,Dominic Calvert-Lewin,90,6.0,0,3,0,0,0,0.1268,0.0016428,0,0,0,0,0,0,0.0,0,Dominic Calvert-Lewin,346,90,0,0,0.13,0.0,1,1,2,-2,0,0.66,0.0,1
1,Leeds,Ethan Ampadu,90,6.9,0,0,0,0,2,0.0,0.0376885,0,0,2,3,3,0,0.0,0,Ethan Ampadu,338,90,0,0,0.0,0.04,5,1,13,18,0,0.66,0.0,1
1,Leeds,Harry Wilson,66,6.8,0,0,0,0,1,0.0,0.0234758,0,0,2,0,0,0,0.0,0,Harry Wilson,260,65,0,0,0.0,0.02,3,1,2,8,0,0.66,0.0,1
1,Leeds,Jaka Bijol,90,7.4,0,2,0,0,0,0.1059,0.00188645,0,0,1,2,9,0,0.0,0,Jaka Bijol,327,90,0,0,0.11,0.0,10,1,12,28,0,0.66,0.0,1
1,Leeds,James Justin,90,7.3,0,0,0,0,0,0.0,0.00995554,0,0,6,1,4,0,0.0,0,James Justin,332,90,0,0,0.0,0.01,10,1,12,28,0,0.66,0.0,1
1,Leeds,James Trafford,90,7.4,0,0,0,0,0,0.0,0.00184034,0,0,0,0,0,3,0.3277,0,James Trafford,385,90,0,0,0.0,0.0,9,1,0,28,3,0.66,0.0,1
1,Leeds,Jayden Bogle,90,6.6,0,0,0,0,0,0.0,0.00294107,0,0,1,1,1,0,0.0,0,Jayden Bogle,330,90,0,0,0.0,0.0,6,1,3,24,0,0.66,0.0,1
1,Leeds,Joe Rodon,90,7.2,0,1,0,0,1,0.0333,0.0616404,0,0,1,1,5,0,0.0,0,Joe Rodon,329,90,0,0,0.03,0.06,6,1,7,21,0,0.66,0.0,1
1,Leeds,Noah Okafor,24,6.7,0,0,0,0,1,0.0,0.155449,0,0,2,1,0,0,0.0,0,Noah Okafor,336,24,0,0,0.0,0.16,1,0,5,10,0,0.66,0.0,0
1,Leeds,Sean Longstaff,8,6.6,0,0,0,0,0,0.0,0.00041182,0,0,0,0,0,0,0.0,0,Sean Longstaff,339,8,0,0,0.0,0.0,1,0,0,3,0,0.66,0.0,0
1,Leeds,Tarik Muharemović,90,6.9,1,1,0,0,0,0.0919,0.00297201,0,0,0,2,5,0,0.0,0,Tarik Muharemović,334,90,0,0,0.09,0.0,6,1,7,25,0,0.66,0.4315,1
1,Liverpool,Alexander Isak,90,7.0,2,4,0,2,1,1.0868,0.00735901,0,0,0,0,0,0,0.0,0,Alexander Isak,379,90,0,0,1.09,0.01,2,0,1,6,0,1.58,1.0675,1
1,Liverpool,Alexis Mac Allister,27,6.9,0,0,0,0,0,0.0,0.00835005,0,0,2,0,0,0,0.0,0,Alexis Mac Allister,372,27,0,0,0.0,0.01,1,0,3,9,0,1.58,0.0,0
1,Liverpool,Alisson,90,6.3,0,0,0,0,0,0.0,0.0001934,0,0,0,0,2,3,-0.4432,0,Alisson,350,90,0,0,0.0,0.0,2,0,0,7,3,1.58,0.0,1
1,Liverpool,Cody Gakpo,90,7.2,1,6,0,0,3,0.2989,0.153337,1,0,3,3,1,0,0.0,0,Cody Gakpo,367,90,1,0,0.3,0.15,12,0,12,33,0,1.58,0.3849,1
1,Liverpool,Dominik Szoboszlai,90,7.1,1,3,0,0,3,0.8497,0.270412,1,0,1,1,0,0,0.0,0,Dominik Szoboszlai,368,90,1,0,0.85,0.27,8,0,7,29,0,1.58,0.9897,1
1,Liverpool,Florian Wirtz,63,7.0,1,3,0,0,1,0.2566,0.0353615,0,0,1,0,0,0,0.0,0,Florian Wirtz,366,62,0,0,0.26,0.04,2,0,5,16,0,1.58,0.3146,1
1,Liverpool,Jeremie Frimpong,90,5.9,0,1,0,0,3,0.0098,0.0905495,0,0,1,0,1,0,0.0,0,Jeremie Frimpong,357,90,0,0,0.01,0.09,0,0,2,3,0,1.58,0.0,1
1,Liverpool,Jérémy Jacquet,70,6.7,0,0,0,0,1,0.0,0.0164785,0,0,1,1,1,0,0.0,0,Jérémy Jacquet,362,69,0,0,0.0,0.02,1,0,3,9,0,1.58,0.0,1
1,Liverpool,Lewis Koumas,12,6.6,0,1,0,0,0,0.0288,0.00497314,0,0,0,0,0,0,0.0,0,Lewis Koumas,381,12,0,0,0.03,0.0,1,0,1,4,0,1.58,0.0,0
1,Liverpool,Miloš Kerkez,90,6.0,1,2,0,0,1,0.0243,0.0236795,0,0,3,1,2,0,0.0,0,Miloš Kerkez,358,90,0,0,0.02,0.02,0,0,7,3,0,1.58,0.0376,1
1,Liverpool,Rio Ngumoha,63,6.3,0,1,0,0,0,0.0402,0.0222302,0,0,1,0,0,0,0.0,0,Rio Ngumoha,369,62,0,0,0.04,0.02,2,0,3,9,0,1.58,0.0,1
1,Liverpool,Ronald Araújo,20,7.3,0,0,0,0,0,0.0,0.034693,0,0,1,0,2,0,0.0,0,Ronald Araújo,579,20,0,0,0.0,0.03,1,0,4,3,0,1.58,0.0,0
1,Liverpool,Ryan Gravenberch,78,6.9,0,2,0,0,1,0.0628,0.0521378,0,1,1,2,0,0,0.0,0,Ryan Gravenberch,371,77,0,1,0.06,0.05,5,0,11,26,0,1.58,0.0,1
1,Liverpool,Virgil van Dijk,90,6.7,1,2,0,0,0,0.2493,0.0129906,0,0,2,0,9,0,0.0,0,Virgil van Dijk,356,90,0,0,0.25,0.01,2,0,11,8,0,1.58,0.1741,1
1,Liverpool,Víctor Muñoz,27,7.3,0,2,0,0,0,0.095,0.0413047,0,0,0,0,0,0,0.0,1,Víctor Muñoz,377,27,0,1,0.1,0.04,4,0,0,15,0,1.58,0.0,0
1,Man City,Abdukodir Khusanov,90,7.0,0,0,0,0,0,0.0,0.0228068,0,0,2,1,1,0,0.0,0,Abdukodir Khusanov,393,90,0,0,0.0,0.02,2,0,4,14,0,0.65,0.0,1
1,Man City,Antoine Semenyo,90,6.9,1,1,0,0,0,0.0604,0.0236823,0,0,1,0,0,0,0.0,0,Antoine Semenyo,397,90,0,0,0.06,0.02,2,0,5,16,0,0.65,0.1643,1
1,Man City,Elliot Anderson,63,6.9,0,0,1,0,1,0.0,0.253643,0,0,2,1,0,0,0.0,0,Elliot Anderson,481,62,0,0,0.0,0.25,2,0,6,14,0,0.65,0.0,1
1,Man City,Erling Haaland,90,6.9,2,5,0,1,0,0.7433,0.0161809,0,0,0,0,0,0,0.0,0,Erling Haaland,411,90,0,0,0.74,0.02,2,0,3,6,0,0.65,1.1814,1
1,Man City,Gianluigi Donnarumma,90,8.0,0,0,0,0,0,0.0,0.00029672,0,0,0,0,1,3,0.6972,0,Gianluigi Donnarumma,384,90,0,0,0.0,0.0,3,0,0,12,3,0.65,0.0,1
1,Man City,Jack Grealish,8,6.6,0,0,0,0,0,0.0,0.00084154,0,0,1,0,0,0,0.0,0,Jack Grealish,238,8,0,0,0.0,0.0,1,0,1,2,0,0.65,0.0,0
1,Man City,Joško Gvardiol,90,7.6,1,1,0,0,0,0.1937,0.053669,1,0,2,4,1,0,0.0,0,Joško Gvardiol,391,90,1,0,0.19,0.05,9,0,7,28,0,0.65,0.8932,1
1,Man City,Marc Guéhi,90,8.3,1,2,1,1,1,0.8937,0.319931,1,0,3,0,1,0,0.0,0,Marc Guéhi,388,90,1,0,0.89,0.32,10,0,4,31,0,0.65,0.2317,1
1,Man City,Mateo Kovačić,27,6.7,0,0,0,0,0,0.0,0.0138078,0,0,0,0,0,0,0.0,0,Mateo Kovačić,406,27,0,0,0.0,0.01,1,0,2,3,0,0.65,0.0,0
1,Man City,Matheus Nunes,33,6.8,0,0,0,0,0,0.0,0.0414066,0,0,0,0,1,0,0.0,0,Matheus Nunes,389,33,0,0,0.0,0.04,1,0,1,4,0,0.65,0.0,0
1,Man City,Nico O'Reilly,63,6.9,0,1,0,0,1,0.0675,0.410938,0,0,1,0,1,0,0.0,0,Nico O'Reilly,387,62,0,0,0.07,0.41,2,0,2,5,0,0.65,0.0,1
1,Man City,Phil Foden,82,6.7,0,2,1,0,2,0.1203,0.399674,0,0,3,0,0,0,0.0,0,Phil Foden,398,81,0,0,0.12,0.4,1,0,6,15,0,0.65,0.0,1
1,Man City,Rayan Cherki,27,7.5,0,0,1,0,4,0.0,0.495459,0,2,0,0,0,0,0.0,0,Rayan Cherki,399,27,0,2,0.0,0.5,8,0,0,28,0,0.65,0.0,0
1,Man City,Rico Lewis,57,6.0,1,1,0,1,0,0.1728,0.0181417,0,0,0,2,0,0,0.0,0,Rico Lewis,395,56,0,0,0.17,0.02,1,0,2,-1,0,0.65,0.2067,1
1,Man City,Rúben Dias,90,7.4,0,0,0,0,1,0.0,0.143504,0,0,0,0,6,0,0.0,0,Rúben Dias,390,90,0,0,0.0,0.14,2,0,6,11,0,0.65,0.0,1
1,Man Utd,Andrey Santos,67,7.1,0,0,0,0,0,0.0,0.232426,0,0,1,0,3,0,0.0,0,Andrey Santos,162,66,0,0,0.0,0.23,2,0,9,17,0,1.01,0.0,1
1,Man Utd,Ayden Heaven,90,6.3,0,2,0,0,0,0.1212,0.0357797,0,0,1,0,1,0,0.0,0,Ayden Heaven,421,90,0,0,0.12,0.04,1,0,2,5,0,1.01,0.0,1
1,Man Utd,Benjamin Šeško,23,6.2,0,1,0,0,0,0.0357,0.00247706,0,0,0,0,0,0,0.0,0,Benjamin Šeško,439,23,0,0,0.04,0.0,1,0,0,2,0,1.01,0.0,0
1,Man Utd,Bruno Fernandes,90,7.2,1,3,0,0,3,0.0835,0.256456,0,0,0,0,1,0,0.0,0,Bruno Fernandes,426,90,0,0,0.08,0.26,2,0,6,18,0,1.01,0.0103,1
1,Man Utd,Bryan Mbeumo,90,6.3,2,4,0,1,1,0.4969,0.227783,0,0,0,0,0,0,0.0,0,Bryan Mbeumo,427,90,0,0,0.5,0.23,2,0,4,12,0,1.01,0.5074,1
1,Man Utd,Diogo Dalot,10,6.8,0,0,0,0,1,0.0,0.00456009,0,0,2,1,0,0,0.0,0,Diogo Dalot,417,10,0,0,0.0,0.0,1,0,3,6,0,1.01,0.0,0
1,Man Utd,Harry Maguire,90,7.3,1,2,1,0,2,0.0448,0.404485,0,0,0,0,4,0,0.0,0,Harry Maguire,418,90,0,0,0.04,0.4,1,0,4,15,0,1.01,0.011,1
1,Man Utd,Kobbie Mainoo,23,6.7,0,1,0,0,0,0.0705,0.0149243,0,0,0,0,0,0,0.0,0,Kobbie Mainoo,432,23,0,0,0.07,0.01,1,0,1,7,0,1.01,0.0,0
1,Man Utd,Luke Shaw,90,6.5,0,0,0,0,4,0.0,0.260958,0,0,1,1,2,0,0.0,0,Luke Shaw,423,90,0,0,0.0,0.26,1,0,4,13,0,1.01,0.0,1
1,Man Utd,Marcus Rashford,45,6.4,0,0,0,0,4,0.0,0.0972659,0,0,0,0,0,0,0.0,0,Marcus Rashford,429,45,0,0,0.0,0.1,1,0,1,9,0,1.01,0.0,0
1,Man Utd,Matheus Cunha,80,5.8,1,3,1,0,2,0.2431,0.212746,0,0,0,0,0,0,0.0,0,Matheus Cunha,428,79,0,0,0.24,0.21,2,0,3,14,0,1.01,0.0681,1
1,Man Utd,Noussair Mazraoui,80,6.3,0,1,0,0,2,0.2243,0.0539162,0,0,1,0,3,0,0.0,0,Noussair Mazraoui,422,79,0,0,0.22,0.05,1,0,5,8,0,1.01,0.0,1
1,Man Utd,Patrick Dorgu,45,5.4,0,3,0,1,0,0.4697,0.0280165,0,0,0,1,0,0,0.0,0,Patrick Dorgu,415,45,0,0,0.47,0.03,0,0,1,-11,0,1.01,0.0,1
1,Man Utd,Senne Lammens,90,6.7,0,0,0,0,0,0.0,0.00035609,0,0,0,0,2,2,-0.0734,0,Senne Lammens,412,90,0,0,0.0,0.0,1,0,0,7,2,1.01,0.0,1
1,Man Utd,Shea Lacey,10,6.5,0,0,0,0,0,0.0,0.00325779,0,0,0,0,0,0,0.0,0,Shea Lacey,435,10,0,0,0.0,0.0,1,0,1,3,0,1.01,0.0,0
1,Man Utd,Youri Tielemans,67,6.7,0,1,0,0,0,0.0366,0.106979,0,0,0,0,0,0,0.0,0,Youri Tielemans,43,66,0,0,0.04,0.11,2,0,5,13,0,1.01,0.0,1
1,Newcastle,Aladji Bamba,14,6.6,0,0,0,0,0,0.0,9.59e-06,0,0,1,0,1,0,0.0,0,Aladji Bamba,559,14,0,0,0.0,0.0,1,0,2,5,0,2.98,0.0,0
1,Newcastle,Amar Dedić,90,6.3,0,1,0,0,0,0.0304,0.00485664,0,0,2,0,6,0,0.0,0,Amar Dedić,593,90,0,0,0.03,0.0,1,0,9,-1,0,2.98,0.0,1
1,Newcastle,Anthony Elanga,76,7.7,2,2,0,0,0,0.2215,0.0122453,1,0,0,0,1,0,0.0,0,Anthony Elanga,454,75,1,0,0.22,0.01,9,0,2,31,0,2.98,0.4032,1
1,Newcastle,Fabian Schär,1,0.0,0,0,0,0,0,0.0,0.0,0,0,0,0,0,0,0.0,0,Fabian Schär,446,1,0,0,0.0,0.0,1,0,0,-1,0,2.98,0.0,0
1,Newcastle,Harvey Barnes,90,6.7,0,1,0,0,0,0.0689,0.0178046,0,0,1,0,3,0,0.0,0,Harvey Barnes,453,90,0,0,0.07,0.02,2,0,8,12,0,2.98,0.0,1
1,Newcastle,Jacob Murphy,14,6.1,0,0,0,0,0,0.0,4.064e-05,0,0,0,0,1,0,0.0,0,Jacob Murphy,457,14,0,0,0.0,0.0,0,0,2,-1,0,2.98,0.0,0
1,Newcastle,Jacob Ramsey,34,6.4,0,1,0,0,0,0.0596,0.0075849,0,0,2,1,1,0,0.0,0,Jacob Ramsey,456,34,0,0,0.06,0.01,0,0,6,1,0,2.98,0.0,0
1,Newcastle,Joe Willock,34,7.7,1,1,1,0,1,0.088,0.172241,1,0,2,0,0,0,0.0,0,Joe Willock,460,34,1,0,0.09,0.17,6,0,3,28,0,2.98,0.7942,0
1,Newcastle,Lewis Hall,90,6.9,0,0,1,0,1,0.0,0.349853,0,0,5,2,3,0,0.0,0,Lewis Hall,449,90,0,0,0.0,0.35,3,0,11,8,0,2.98,0.0,1
1,Newcastle,Lewis Miley,76,7.2,0,1,0,0,2,0.053,0.008505,0,0,1,1,4,0,0.0,0,Lewis Miley,459,75,0,0,0.05,0.01,3,0,13,13,0,2.98,0.0,1
1,Newcastle,Lukáš Horníček,90,7.9,0,0,0,0,0,0.0,0.00359957,0,0,0,0,3,5,0.9684,0,Lukáš Horníček,567,90,0,0,0.0,0.0,1,0,0,12,5,2.98,0.0,1
1,Newcastle,Malick Thiaw,90,6.4,0,0,0,0,0,0.0,0.00098898,0,0,0,0,9,0,0.0,0,Malick Thiaw,445,90,0,0,0.0,0.0,3,0,15,0,0,2.98,0.0,1
1,Newcastle,Sean Steur,56,6.4,0,0,0,0,0,0.0,0.00043417,0,0,0,0,0,0,0.0,0,Sean Steur,462,55,0,0,0.0,0.0,1,0,2,3,0,2.98,0.0,1
1,Newcastle,Sven Botman,90,6.7,0,0,0,0,0,0.0,0.0148252,0,0,0,0,6,0,0.0,0,Sven Botman,447,90,0,0,0.0,0.01,3,0,10,4,0,2.98,0.0,1
1,Newcastle,William Osula,56,6.7,0,2,1,0,1,0.0587,0.138781,0,1,1,0,0,0,0.0,0,William Osula,465,55,0,1,0.06,0.14,4,0,5,18,0,2.98,0.0,1
1,Newcastle,Yoane Wissa,89,6.8,1,4,0,2,1,0.9951,0.015856,0,1,4,0,1,0,0.0,0,Yoane Wissa,464,90,0,1,1.0,0.02,4,0,8,7,0,2.98,0.3594,1
1,Nott'm Forest,Arnaud Kalimuendo,1,0.0,0,0,0,0,0,0.0,0.0,0,0,0,0,0,0,0.0,0,Arnaud Kalimuendo,493,1,0,0,0.0,0.0,1,0,0,3,0,0.47,0.0,0
1,Nott'm Forest,Chris Wood,28,6.5,0,1,0,0,0,0.1196,0.00828215,0,0,0,0,0,0,0.0,0,Chris Wood,490,28,0,0,0.12,0.01,1,0,1,3,0,0.47,0.0,0
1,Nott'm Forest,Dan Ndoye,62,6.5,0,0,0,0,0,0.0,0.00244173,0,0,1,0,1,0,0.0,0,Dan Ndoye,483,61,0,0,0.0,0.0,3,1,3,5,0,0.47,0.0,1
1,Nott'm Forest,Ibrahim Sangaré,90,6.8,0,1,0,0,1,0.026,0.00839014,0,0,0,0,0,0,0.0,0,Ibrahim Sangaré,488,90,0,0,0.03,0.01,2,0,6,10,0,0.47,0.0,1
1,Nott'm Forest,Igor Jesus,90,6.9,1,3,0,0,0,0.2227,0.0186329,0,0,0,0,2,0,0.0,0,Igor Jesus,491,90,0,0,0.22,0.02,2,0,3,8,0,0.47,0.2162,1
1,Nott'm Forest,Jair,90,6.5,0,0,0,0,0,0.0,0.00488231,0,0,1,1,4,0,0.0,0,Jair,474,90,0,0,0.0,0.0,1,0,8,5,0,0.47,0.0,1
1,Nott'm Forest,James McAtee,74,7.3,0,0,0,0,3,0.0,0.156023,0,0,1,0,2,0,0.0,0,James McAtee,486,73,0,0,0.0,0.16,3,1,8,18,0,0.47,0.0,1
1,Nott'm Forest,Luca Netz,16,6.2,0,0,0,0,0,0.0,0.00491669,0,0,0,0,0,0,0.0,0,Luca Netz,478,16,0,0,0.0,0.0,1,0,0,-2,0,0.47,0.0,0
1,Nott'm Forest,Matz Sels,90,6.5,0,0,0,0,0,0.0,0.00021681,0,0,0,0,0,2,-0.4672,0,Matz Sels,467,90,0,0,0.0,0.0,2,0,0,11,2,0.47,0.0,1
1,Nott'm Forest,Morgan Gibbs-White,90,7.0,0,3,0,0,0,0.1327,0.0578343,0,0,0,1,0,0,0.0,0,Morgan Gibbs-White,480,90,0,0,0.13,0.06,2,0,3,10,0,0.47,0.0,1
1,Nott'm Forest,Murillo,89,7.1,0,0,0,0,2,0.0,0.276174,0,0,2,0,11,0,0.0,0,Murillo,472,90,0,0,0.0,0.28,4,0,14,15,0,0.47,0.0,1
1,Nott'm Forest,Neco Williams,90,6.6,0,0,0,0,0,0.0,0.0233299,0,0,3,0,3,0,0.0,0,Neco Williams,469,90,0,0,0.0,0.02,2,0,6,13,0,0.47,0.0,1
1,Nott'm Forest,Nikola Milenković,90,6.5,0,2,0,0,0,0.1124,0.0237359,0,0,0,0,7,0,0.0,0,Nikola Milenković,471,90,0,0,0.11,0.02,2,0,7,4,0,0.47,0.0,1
1,Nott'm Forest,Ola Aina,74,6.9,1,2,0,0,3,0.0428,0.170146,0,0,0,0,2,0,0.0,0,Ola Aina,473,73,0,0,0.04,0.17,5,1,2,24,0,0.47,0.1115,1
1,Nott'm Forest,Xaver Schlager,16,6.4,0,0,0,0,0,0.0,0.00248191,0,0,0,0,0,0,0.0,0,Xaver Schlager,558,16,0,0,0.0,0.0,1,0,1,3,0,0.47,0.0,0
1,Spurs,Andy Robertson,90,7.2,0,0,1,0,1,0.0,0.0591071,0,0,2,2,5,0,0.0,0,Andy Robertson,502,90,0,0,0.0,0.06,3,0,11,13,0,3.87,0.0,1
1,Spurs,Antonín Kinský,90,6.8,0,0,0,0,0,0.0,0.00175594,0,0,0,0,4,5,0.1213,0,Antonín Kinský,496,90,0,0,0.0,0.0,2,0,0,15,5,3.87,0.0,1
1,Spurs,Archie Gray,86,6.1,0,0,0,0,0,0.0,0.0123684,0,0,1,1,1,0,0.0,0,Archie Gray,522,85,0,0,0.0,0.01,2,0,5,15,0,3.87,0.0,1
1,Spurs,Conor Gallagher,45,6.3,0,1,0,0,0,0.017,0.0586531,0,0,1,0,0,0,0.0,0,Conor Gallagher,519,45,0,0,0.02,0.06,0,0,3,1,0,3.87,0.0,1
1,Spurs,Destiny Udogie,9,6.7,0,0,0,0,0,0.0,0.0224854,0,0,0,0,0,0,0.0,0,Destiny Udogie,506,4,0,0,0.0,0.02,1,0,0,3,0,3.87,0.0,0
1,Spurs,Dominic Solanke,22,6.4,0,1,0,0,0,0.0711,0.0,0,0,0,0,0,0,0.0,0,Dominic Solanke,526,22,0,0,0.07,0.0,1,0,0,3,0,3.87,0.0,0
1,Spurs,James Maddison,22,6.3,0,0,0,0,0,0.0,0.0141689,0,0,0,0,1,0,0.0,0,James Maddison,515,22,0,0,0.0,0.01,1,0,2,6,0,3.87,0.0,0
1,Spurs,Jan Paul van Hecke,90,7.1,0,0,0,0,0,0.0,0.0347985,0,0,2,0,5,0,0.0,0,Jan Paul van Hecke,112,90,0,0,0.0,0.03,1,0,9,3,0,3.87,0.0,1
1,Spurs,Lucas Bergvall,45,5.7,0,0,0,0,0,0.0,0.0122464,0,0,1,0,0,0,0.0,0,Lucas Bergvall,520,45,0,0,0.0,0.01,1,0,8,2,0,3.87,0.0,1
1,Spurs,Marcos Senesi,90,7.6,0,0,0,0,0,0.0,0.0198873,0,0,5,1,8,0,0.0,0,Marcos Senesi,498,90,0,0,0.0,0.02,3,0,16,10,0,3.87,0.0,1
1,Spurs,Mateus Fernandes,45,6.5,0,0,1,0,2,0.0,0.0556655,0,0,1,0,0,0,0.0,0,Mateus Fernandes,525,45,0,0,0.0,0.06,1,0,2,16,0,3.87,0.0,0
1,Spurs,Mathys Tel,90,6.3,0,2,0,0,2,0.0591,0.0649306,0,0,0,0,1,0,0.0,0,Mathys Tel,514,90,0,0,0.06,0.06,2,0,8,17,0,3.87,0.0,1
1,Spurs,Mikey Moore,68,6.3,3,3,0,2,1,0.3813,0.0151401,0,0,1,0,0,0,0.0,0,Mikey Moore,523,67,0,0,0.38,0.02,2,0,2,10,0,3.87,0.44,1
1,Spurs,Richarlison,68,6.1,0,0,0,0,0,0.0,0.00381117,0,0,0,0,1,0,0.0,0,Richarlison,527,67,0,0,0.0,0.0,2,0,1,6,0,3.87,0.0,1
1,Spurs,Rodrigo Bentancur,45,5.9,0,0,0,0,1,0.0,0.0123679,0,0,3,0,0,0,0.0,0,Rodrigo Bentancur,516,45,0,0,0.0,0.01,1,0,5,8,0,3.87,0.0,0
1,Spurs,Sandro Tonali,90,6.5,1,2,0,0,0,0.0391,0.0599567,0,0,1,0,0,0,0.0,0,Sandro Tonali,455,90,0,0,0.04,0.06,2,0,4,14,0,3.87,0.1677,1
1,Sunderland,Brian Brobbey,67,6.1,1,2,0,1,0,0.2977,0.00162403,0,0,0,0,0,0,0.0,0,Brian Brobbey,552,66,0,0,0.3,0.0,2,0,0,1,0,1.8,0.0,1
1,Sunderland,Chemsdine Talbi,31,6.3,0,0,0,0,0,0.0,0.00098815,0,0,0,0,0,0,0.0,0,Chemsdine Talbi,549,31,0,0,0.0,0.0,1,0,2,1,0,1.8,0.0,0
1,Sunderland,Chris Rigg,10,6.4,0,0,0,0,0,0.0,0.00110859,0,0,0,0,0,0,0.0,0,Chris Rigg,548,10,0,0,0.0,0.0,1,0,1,3,0,1.8,0.0,0
1,Sunderland,Daniel Ballard,90,6.1,0,0,0,0,0,0.0,0.00536401,0,0,2,0,7,0,0.0,0,Daniel Ballard,532,90,0,0,0.0,0.01,0,0,9,4,0,1.8,0.0,1
1,Sunderland,Enzo Le Fée,80,6.3,0,0,0,0,0,0.0,0.0292133,0,0,1,0,0,0,0.0,0,Enzo Le Fée,542,79,0,0,0.0,0.03,2,0,2,13,0,1.8,0.0,1
1,Sunderland,Granit Xhaka,90,7.6,0,0,0,0,2,0.0,0.0912594,0,0,3,2,0,0,0.0,0,Granit Xhaka,544,90,0,1,0.0,0.09,9,0,13,31,0,1.8,0.0,1
1,Sunderland,Habib Diarra,10,6.5,0,1,0,0,0,0.0263,0.0012111,0,0,0,0,0,0,0.0,0,Habib Diarra,543,10,0,0,0.03,0.0,1,0,0,3,0,1.8,0.0,0
1,Sunderland,Luke O'Nien,67,6.2,0,1,0,0,0,0.0113,0.00662102,0,0,1,0,3,0,0.0,0,Luke O'Nien,539,66,0,0,0.01,0.01,1,0,5,1,0,1.8,0.0,1
1,Sunderland,Nilson Angulo,59,7.1,1,2,0,0,0,0.1546,0.00939567,1,0,1,1,0,0,0.0,0,Nilson Angulo,551,58,1,0,0.15,0.01,5,0,7,23,0,1.8,0.265,1
1,Sunderland,Noah Sadiki,90,6.8,1,1,0,1,2,0.0571,0.026073,0,0,0,0,0,0,0.0,0,Noah Sadiki,545,90,0,0,0.06,0.03,2,0,2,18,0,1.8,0.0454,1
1,Sunderland,Omar Alderete,23,6.1,0,0,0,0,0,0.0,0.00784941,0,0,0,0,0,0,0.0,0,Omar Alderete,535,23,0,0,0.0,0.01,1,0,0,2,0,1.8,0.0,0
1,Sunderland,Reinildo Mandava,90,6.6,0,0,0,0,2,0.0,0.28935,0,0,3,3,2,0,0.0,0,Reinildo Mandava,536,90,0,0,0.0,0.29,1,0,8,9,0,1.8,0.0,1
1,Sunderland,Robin Roefs,90,6.4,0,0,0,0,0,0.0,0.0015082,0,0,0,0,1,1,-0.3712,0,Robin Roefs,529,90,0,0,0.0,0.0,1,0,0,7,1,1.8,0.0,1
1,Sunderland,Thomas Meunier,90,6.6,1,2,0,0,0,0.0807,0.0836696,0,0,2,2,0,0,0.0,0,Thomas Meunier,541,90,0,0,0.08,0.08,1,0,4,5,0,1.8,0.0358,1
1,Sunderland,Trai Hume,80,6.5,0,2,2,0,3,0.0366,0.266953,0,0,3,1,0,0,0.0,0,Trai Hume,534,79,0,0,0.04,0.27,2,0,4,14,0,1.8,0.0,1
1,Sunderland,Wilson Isidor,23,6.2,0,0,0,0,0,0.0,0.00035201,0,0,0,0,0,0,0.0,0,Wilson Isidor,553,23,0,0,0.0,0.0,1,0,0,3,0,1.8,0.0,0
2,Arsenal,Ben White,90,7.1,0,0,0,0,1,0.0,0.0507905,0,0,1,1,2,0,0.0,0,Ben White,10,90,0,0,0.0,0.05,7,1,4,26,0,0.33,0.0,1
2,Arsenal,Bruno Guimarães,19,6.5,0,0,0,0,0,0.0,0.0134046,0,0,0,0,0,0,0.0,0,Bruno Guimarães,452,19,0,0,0.0,0.01,1,0,3,4,0,0.33,0.0,0
2,Arsenal,Bukayo Saka,90,7.8,1,2,0,0,0,0.627,0.0375573,1,0,2,2,1,0,0.0,0,Bukayo Saka,12,90,1,0,0.63,0.04,11,1,11,46,0,0.33,0.7689,1
2,Arsenal,Christos Tzolis,45,6.1,0,0,0,0,1,0.0,0.0120226,0,0,0,0,1,0,0.0,0,Christos Tzolis,557,45,0,0,0.0,0.01,0,0,3,1,0,0.33,0.0,1
2,Arsenal,Cristhian Mosquera,79,6.8,0,0,0,0,0,0.0,0.0106533,0,0,0,1,3,0,0.0,0,Cristhian Mosquera,11,78,0,0,0.0,0.01,6,1,4,25,0,0.33,0.0,1
2,Arsenal,David Raya,90,6.8,0,0,0,0,0,0.0,0.00481721,0,0,0,0,1,0,0.0,0,David Raya,1,90,0,0,0.0,0.0,6,1,0,21,0,0.33,0.0,1
2,Arsenal,Declan Rice,85,7.3,0,0,0,0,2,0.0,0.0968783,0,0,3,1,0,0,0.0,0,Declan Rice,13,84,0,0,0.0,0.1,5,1,12,19,0,0.33,0.0,1
2,Arsenal,Eberechi Eze,45,6.5,0,0,0,0,1,0.0,0.0675977,0,0,0,0,0,0,0.0,0,Eberechi Eze,14,45,0,0,0.0,0.07,1,0,3,6,0,0.33,0.0,0
2,Arsenal,Ezri Konsa,11,6.7,0,0,0,0,0,0.0,0.00027362,0,0,0,0,1,0,0.0,0,Ezri Konsa,31,11,0,0,0.0,0.0,1,0,1,3,0,0.33,0.0,0
2,Arsenal,Gabriel Magalhães,90,7.2,0,1,0,1,0,0.1266,0.0197557,0,0,2,2,6,0,0.0,0,Gabriel Magalhães,4,90,0,0,0.13,0.02,8,1,10,23,0,0.33,0.0,1
2,Arsenal,Kai Havertz,90,6.1,1,1,0,0,0,0.0249,0.0319684,0,0,0,0,0,0,0.0,0,Kai Havertz,26,90,0,0,0.02,0.03,2,1,5,5,0,0.33,0.0265,1
2,Arsenal,Martin Ødegaard,71,6.9,0,1,0,0,0,0.0781,0.0724474,0,0,2,0,2,0,0.0,0,Martin Ødegaard,15,70,0,0,0.08,0.07,3,1,5,13,0,0.33,0.0,1
2,Arsenal,Martín Zubimendi,15,6.7,0,0,0,0,0,0.0,0.00254869,0,0,2,0,0,0,0.0,0,Martín Zubimendi,19,5,0,0,0.0,0.0,1,0,2,5,0,0.33,0.0,0
2,Arsenal,Mikel Merino,19,7.1,0,0,0,0,0,0.0,0.00406518,0,0,0,0,0,0,0.0,0,Mikel Merino,17,19,0,0,0.0,0.0,1,0,4,7,0,0.33,0.0,0
2,Arsenal,Myles Lewis-Skelly,71,7.3,0,1,0,0,0,0.0734,0.0181577,0,0,0,1,2,0,0.0,0,Myles Lewis-Skelly,7,70,0,0,0.07,0.02,3,1,5,15,0,0.33,0.0,1
2,Arsenal,Riccardo Calafiori,90,7.9,0,1,1,0,1,0.1059,0.459327,0,1,1,1,1,0,0.0,0,Riccardo Calafiori,8,90,0,1,0.11,0.46,11,1,3,30,0,0.33,0.0,1
2,Aston Villa,Aaron Wan-Bissaka,12,6.8,0,0,0,0,0,0.0,0.00296502,0,0,2,0,0,0,0.0,0,Aaron Wan-Bissaka,611,12,0,0,0.0,0.0,1,0,2,4,0,1.04,0.0,0
2,Aston Villa,Alejandro Garnacho,12,6.5,0,0,0,0,0,0.0,0.00397287,0,0,0,0,0,0,0.0,0,Alejandro Garnacho,160,12,0,0,0.0,0.0,1,0,2,3,0,1.04,0.0,0
2,Aston Villa,Alysson,19,6.6,0,0,0,0,0,0.0,0.00446425,0,0,1,0,0,0,0.0,0,Alysson,52,19,0,0,0.0,0.0,0,0,2,2,0,1.04,0.0,0
2,Aston Villa,Boubacar Kamara,90,6.8,0,0,0,0,1,0.0,0.0314419,0,0,1,0,3,0,0.0,0,Boubacar Kamara,47,90,0,0,0.0,0.03,2,0,8,13,0,1.04,0.0,1
2,Aston Villa,Emiliano Buendía,90,6.5,0,1,0,0,1,0.0369,0.0208643,0,0,1,0,0,0,0.0,0,Emiliano Buendía,41,90,0,0,0.04,0.02,2,0,5,9,0,1.04,0.0,1
2,Aston Villa,George Hemmings,71,6.2,0,0,0,0,0,0.0,0.0114776,0,0,2,0,0,0,0.0,0,George Hemmings,51,70,0,0,0.0,0.01,2,0,6,5,0,1.04,0.0,1
2,Aston Villa,Ian Maatsen,90,5.7,0,2,0,0,0,0.0725,0.00082956,0,0,3,2,3,0,0.0,0,Ian Maatsen,36,90,0,0,0.07,0.0,1,0,8,-5,0,1.04,0.0,1
2,Aston Villa,John McGinn,90,6.0,0,2,0,0,1,0.0468,0.0467068,0,0,1,1,0,0,0.0,0,John McGinn,45,90,0,0,0.05,0.05,1,0,4,2,0,1.04,0.0,1
2,Aston Villa,Matty Cash,78,7.0,0,1,0,0,0,0.1468,0.00899867,0,0,4,0,1,0,0.0,0,Matty Cash,32,77,0,0,0.15,0.01,2,0,6,8,0,1.04,0.0,1
2,Aston Villa,Nicolas Jackson,71,7.0,0,0,0,0,0,0.0,0.0989972,0,0,0,0,0,0,0.0,0,Nicolas Jackson,166,70,0,0,0.0,0.1,2,0,3,11,0,1.04,0.0,1
2,Aston Villa,Pau Torres,90,6.5,0,0,0,0,0,0.0,0.00517543,0,0,1,0,3,0,0.0,0,Pau Torres,34,90,0,0,0.0,0.01,2,0,4,6,0,1.04,0.0,1
2,Aston Villa,Ross Barkley,78,7.2,0,1,0,0,2,0.0311,0.0215004,0,0,3,0,1,0,0.0,0,Ross Barkley,46,77,0,0,0.03,0.02,2,0,10,23,0,1.04,0.0,1
2,Aston Villa,Tammy Abraham,19,6.5,0,0,0,0,0,0.0,0.00133489,0,0,0,0,0,0,0.0,0,Tammy Abraham,56,19,0,0,0.0,0.0,1,0,0,3,0,1.04,0.0,0
2,Aston Villa,Victor Lindelöf,90,6.9,0,0,0,0,0,0.0,0.0795308,0,0,1,0,6,0,0.0,0,Victor Lindelöf,37,90,0,0,0.0,0.08,2,0,7,10,0,1.04,0.0,1
2,Aston Villa,Zion Suzuki,90,6.5,0,0,0,0,0,0.0,0.00097219,0,0,0,0,2,1,-0.2047,0,Zion Suzuki,597,90,0,0,0.0,0.0,2,0,0,8,1,1.04,0.0,1
2,Bournemouth,Adam Smith,90,6.5,0,0,0,0,1,0.0,0.0237647,0,0,2,1,3,0,0.0,0,Adam Smith,64,90,0,0,0.0,0.02,1,0,6,5,0,1.84,0.0,1
2,Bournemouth,Adrien Truffert,90,7.8,0,0,0,0,2,0.0,0.0697355,0,0,2,2,4,0,0.0,0,Adrien Truffert,61,90,0,0,0.0,0.07,4,0,9,27,0,1.84,0.0,1
2,Bournemouth,Alex Scott,87,8.5,1,2,0,0,2,0.2555,0.271566,1,0,3,1,2,0,0.0,0,Alex Scott,69,86,1,0,0.26,0.27,12,1,15,39,0,1.84,0.8446,1
2,Bournemouth,António Silva,90,7.5,0,1,0,0,0,0.2491,0.0306029,0,0,2,2,6,0,0.0,0,António Silva,566,90,0,0,0.25,0.03,4,0,10,11,0,1.84,0.0,1
2,Bournemouth,David Brooks,9,6.5,0,0,0,0,0,0.0,0.0105016,0,0,0,0,0,0,0.0,0,David Brooks,74,9,0,0,0.0,0.01,1,0,0,3,0,1.84,0.0,0
2,Bournemouth,Evanilson,81,7.0,0,3,1,3,2,0.5804,0.0387788,0,1,0,1,0,0,0.0,0,Evanilson,79,80,0,1,0.58,0.04,5,1,3,11,0,1.84,0.0,1
2,Bournemouth,James Hill,90,7.9,0,0,2,0,2,0.0,0.736689,0,0,3,2,7,0,0.0,0,James Hill,60,90,0,0,0.0,0.74,4,0,12,19,0,1.84,0.0,1
2,Bournemouth,Justin Kluivert,81,6.2,2,4,0,1,2,0.6105,0.0517309,0,0,0,0,0,0,0.0,0,Justin Kluivert,70,80,0,0,0.61,0.05,3,1,5,12,0,1.84,0.6803,1
2,Bournemouth,Lewis Cook,69,7.0,0,0,0,0,1,0.0,0.0115614,0,0,0,0,0,0,0.0,0,Lewis Cook,71,68,0,0,0.0,0.01,3,1,2,13,0,1.84,0.0,1
2,Bournemouth,Marcus Tavernier,90,7.6,0,2,1,0,2,0.0887,0.209133,0,0,4,0,1,0,0.0,0,Marcus Tavernier,68,90,0,0,0.09,0.21,1,0,11,20,0,1.84,0.0,1
2,Bournemouth,Rayan,90,6.1,2,5,0,2,0,0.3961,0.0221165,0,0,1,0,1,0,0.0,0,Rayan,67,90,0,0,0.4,0.02,2,0,5,4,0,1.84,0.3727,1
2,Bournemouth,Ryan Christie,8,6.6,0,0,0,0,0,0.0,0.00186288,0,0,1,0,0,0,0.0,0,Ryan Christie,75,3,0,0,0.0,0.0,1,0,2,5,0,1.84,0.0,0
2,Bournemouth,Tyler Adams,21,6.5,0,0,0,0,0,0.0,0.003682,0,0,0,0,0,0,0.0,0,Tyler Adams,73,21,0,0,0.0,0.0,1,0,3,4,0,1.84,0.0,0
2,Bournemouth,Álvaro Rodriguez,9,6.4,0,0,0,0,0,0.0,5.527e-05,0,0,0,0,0,0,0.0,0,Álvaro Rodriguez,81,9,0,0,0.0,0.0,1,0,1,4,0,1.84,0.0,0
2,Bournemouth,Đorđe Petrović,90,7.1,0,0,0,0,0,0.0,0.00035891,0,0,0,0,3,5,0.4062,0,Đorđe Petrović,57,90,0,0,0.0,0.0,3,0,0,20,5,1.84,0.0,1
2,Brentford,Aaron Hickey,2,0.0,0,0,0,0,0,0.0,0.0195517,0,0,1,0,0,0,0.0,0,Aaron Hickey,90,2,0,0,0.0,0.02,1,0,1,6,0,1.46,0.0,0
2,Brentford,Callum Wilson,2,0.0,0,1,0,0,0,0.038,0.00081807,0,0,0,0,0,0,0.0,0,Callum Wilson,108,2,0,0,0.04,0.0,1,0,1,3,0,1.46,0.0,0
2,Brentford,Caoimhin Kelleher,90,6.9,0,0,0,0,0,0.0,0.00094256,0,0,0,0,2,1,0.1697,0,Caoimhin Kelleher,82,90,0,0,0.0,0.0,2,0,0,7,1,1.46,0.0,1
2,Brentford,Dango Ouattara,29,7.4,0,1,1,0,1,0.0195,0.0840649,0,0,1,0,3,0,0.0,0,Dango Ouattara,95,29,0,0,0.02,0.08,1,0,7,16,0,1.46,0.0,0
2,Brentford,Igor Thiago,90,6.3,2,5,0,2,0,0.8039,0.013602,0,0,1,0,0,0,0.0,0,Igor Thiago,106,90,0,0,0.8,0.01,2,0,4,2,0,1.46,0.1073,1
2,Brentford,Jaidon Anthony,61,6.4,0,2,0,0,2,0.1149,0.0636135,0,0,0,0,0,0,0.0,0,Jaidon Anthony,105,60,0,0,0.11,0.06,2,1,1,4,0,1.46,0.0,1
2,Brentford,Keane Lewis-Potter,88,6.7,0,1,0,0,2,0.0154,0.127816,0,1,2,0,2,0,0.0,0,Keane Lewis-Potter,86,87,0,1,0.02,0.13,6,0,11,29,0,1.46,0.0,1
2,Brentford,Kevin Schade,88,7.2,1,3,0,0,1,0.2482,0.0178847,1,0,2,0,2,0,0.0,0,Kevin Schade,94,87,1,0,0.25,0.02,10,0,9,34,0,1.46,0.5963,1
2,Brentford,Kristoffer Ajer,90,6.8,0,0,0,0,2,0.0,0.00633801,0,0,0,0,15,0,0.0,0,Kristoffer Ajer,87,90,0,0,0.0,0.01,3,0,17,7,0,1.46,0.0,1
2,Brentford,Mamadou Sangare,90,6.6,0,3,0,0,2,0.214,0.0326347,0,0,4,3,1,0,0.0,0,Mamadou Sangare,565,90,0,0,0.21,0.03,4,0,14,16,0,1.46,0.0,1
2,Brentford,Michael Kayode,88,6.9,0,1,0,0,1,0.0247,0.207268,0,0,1,0,2,0,0.0,0,Michael Kayode,88,87,0,0,0.02,0.21,2,0,4,9,0,1.46,0.0,1
2,Brentford,Mikkel Damsgaard,69,7.2,1,2,0,0,2,0.0283,0.129835,0,0,2,1,1,0,0.0,0,Mikkel Damsgaard,96,68,0,0,0.03,0.13,3,1,9,20,0,1.46,0.0562,1
2,Brentford,Nathan Collins,90,6.5,1,3,0,0,0,0.1665,0.00551116,0,0,2,2,9,0,0.0,0,Nathan Collins,84,90,0,0,0.17,0.01,3,0,13,14,0,1.46,0.0527,1
2,Brentford,Rico Henry,2,0.0,0,0,0,0,0,0.0,0.0,0,0,0,0,0,0,0.0,0,Rico Henry,89,2,0,0,0.0,0.0,1,0,0,3,0,1.46,0.0,0
2,Brentford,Vitaly Janelt,90,6.9,0,0,0,0,2,0.0,0.135019,0,0,3,4,1,0,0.0,0,Vitaly Janelt,98,90,0,0,0.0,0.14,1,0,10,11,0,1.46,0.0,1
2,Brentford,Yehor Yarmoliuk,21,6.3,0,0,0,0,1,0.0,0.0092282,0,0,0,0,0,0,0.0,0,Yehor Yarmoliuk,102,21,0,0,0.0,0.01,1,0,0,4,0,1.46,0.0,0
2,Brighton,Bart Verbruggen,90,5.2,0,0,0,0,0,0.0,0.00032337,0,0,0,0,0,1,-1.3996,0,Bart Verbruggen,109,90,0,0,0.0,0.0,0,0,0,-1,1,2.93,0.0,1
2,Brighton,Charalampos Kostoulas,80,6.5,1,1,0,1,1,0.169,0.0201969,0,0,0,0,0,0,0.0,0,Charalampos Kostoulas,138,79,0,1,0.17,0.02,5,0,6,17,0,2.93,0.2435,1
2,Brighton,Costinha,10,6.5,0,0,0,0,0,0.0,0.00040569,0,0,0,0,0,0,0.0,0,Costinha,119,10,0,0,0.0,0.0,0,0,0,-1,0,2.93,0.0,0
2,Brighton,Diego Gómez,90,6.1,1,5,1,2,1,0.3792,0.167531,0,0,2,1,0,0,0.0,0,Diego Gómez,127,90,0,1,0.38,0.17,5,0,5,15,0,2.93,0.1298,1
2,Brighton,Ferdi Kadıoğlu,90,5.6,0,1,0,0,1,0.0226,0.0126256,0,0,0,0,0,0,0.0,0,Ferdi Kadıoğlu,113,90,0,0,0.02,0.01,0,0,0,-4,0,2.93,0.0,1
2,Brighton,Ibrahim Osman,16,6.6,0,0,0,0,0,0.0,0.00693575,0,0,1,0,0,0,0.0,0,Ibrahim Osman,600,16,0,0,0.0,0.01,1,0,1,6,0,2.93,0.0,0
2,Brighton,Lewis Dunk,90,6.1,0,0,0,0,0,0.0,0.0087487,0,0,1,0,1,0,0.0,0,Lewis Dunk,116,90,0,0,0.0,0.01,-1,0,3,-4,0,2.93,0.0,1
2,Brighton,Luka Vušković,90,6.6,0,2,0,0,0,0.0337,0.0164323,0,0,1,0,6,0,0.0,0,Luka Vušković,504,90,0,0,0.03,0.02,0,0,8,-2,0,2.93,0.0,1
2,Brighton,Malick Yalcouyé,74,7.5,2,2,1,1,1,0.6974,0.160607,1,0,3,0,2,0,0.0,0,Malick Yalcouyé,605,73,1,0,0.7,0.16,8,0,7,39,0,2.93,1.7556,1
2,Brighton,Mats Wieffer,80,7.4,0,1,0,0,0,0.0297,0.0833342,0,0,0,2,2,0,0.0,0,Mats Wieffer,130,79,0,0,0.03,0.08,0,0,7,6,0,2.93,0.0,1
2,Brighton,Maxim De Cuyper,90,6.3,0,1,0,0,1,0.0317,0.0504575,0,0,0,1,1,0,0.0,0,Maxim De Cuyper,115,90,0,0,0.03,0.05,0,0,2,-2,0,2.93,0.0,1
2,Brighton,Olivier Boscagli,90,6.8,1,1,1,0,1,0.0498,0.108023,0,0,0,1,1,0,0.0,0,Olivier Boscagli,114,90,0,0,0.05,0.11,-1,0,3,-2,0,2.93,0.4201,1
2,Brighton,Pascal Groß,90,7.4,1,1,1,0,2,0.0529,0.109399,1,0,1,0,1,0,0.0,0,Pascal Groß,124,90,1,1,0.05,0.11,13,0,6,46,0,2.93,0.0581,1
2,Brighton,Promise David,10,6.4,0,0,0,0,0,0.0,0.00245603,0,0,0,0,0,0,0.0,0,Promise David,594,10,0,0,0.0,0.0,1,0,0,3,0,2.93,0.0,0
2,Chelsea,Cole Palmer,90,7.8,1,4,0,1,2,0.6598,0.130251,1,0,2,1,1,0,0.0,0,Cole Palmer,154,90,1,0,0.66,0.13,7,0,8,28,0,1.41,0.291,1
2,Chelsea,Emiliano Martínez,90,8.1,0,0,1,0,2,0.0,0.0143322,0,0,0,0,1,4,-0.393,0,Emiliano Martínez,28,90,0,0,0.0,0.01,2,0,0,18,4,1.41,0.0,1
2,Chelsea,Jorrel Hato,90,7.0,0,0,1,0,2,0.0,0.0636669,0,1,2,1,3,0,0.0,0,Jorrel Hato,148,90,0,1,0.0,0.06,4,0,6,12,0,1.41,0.0,1
2,Chelsea,Josh Acheampong,22,6.3,0,0,0,0,0,0.0,0.0002929,0,0,1,0,2,0,0.0,0,Josh Acheampong,151,22,0,0,0.0,0.0,1,0,3,-1,0,1.41,0.0,0
2,Chelsea,João Pedro,90,8.3,2,5,0,1,2,1.2265,0.0358295,1,1,1,0,0,0,0.0,0,João Pedro,165,90,1,1,1.23,0.04,9,0,3,44,0,1.41,0.8037,1
2,Chelsea,Levi Colwill,72,6.3,0,0,0,0,0,0.0,0.00129445,0,0,1,2,6,0,0.0,0,Levi Colwill,149,71,0,0,0.0,0.0,1,0,9,2,0,1.41,0.0,1
2,Chelsea,Malo Gusto,90,6.4,0,0,0,0,0,0.0,0.00878535,0,0,1,1,3,0,0.0,0,Malo Gusto,144,90,0,0,0.0,0.01,1,0,5,-1,0,1.41,0.0,1
2,Chelsea,Maxence Lacroix,90,6.2,0,1,0,0,0,0.0209,0.00069559,0,0,1,0,8,0,0.0,0,Maxence Lacroix,200,90,0,0,0.02,0.0,1,0,9,-3,0,1.41,0.0,1
2,Chelsea,Moisés Caicedo,14,6.6,0,0,0,0,0,0.0,0.00020369,0,0,0,0,0,0,0.0,0,Moisés Caicedo,159,13,0,0,0.0,0.0,1,0,0,3,0,1.41,0.0,0
2,Chelsea,Morgan Rogers,90,8.0,0,3,2,0,4,0.1366,1.00855,0,1,1,0,1,0,0.0,0,Morgan Rogers,40,90,0,1,0.14,1.01,5,0,5,28,0,1.41,0.0,1
2,Chelsea,Pedro Neto,68,8.1,2,2,1,1,2,0.4081,0.325498,1,0,0,1,2,0,0.0,0,Pedro Neto,156,67,1,0,0.41,0.33,7,0,4,32,0,1.41,0.5326,1
2,Chelsea,Pep Chavarría,18,6.4,0,0,0,0,0,0.0,0.0199382,0,0,1,0,2,0,0.0,0,Pep Chavarría,583,18,0,0,0.0,0.02,1,0,3,1,0,1.41,0.0,0
2,Chelsea,Reece James,22,6.2,0,0,0,0,0,0.0,0.002306,0,0,0,0,0,0,0.0,0,Reece James,142,22,0,0,0.0,0.0,1,0,0,-1,0,1.41,0.0,0
2,Chelsea,Roméo Lavia,68,7.5,1,1,0,0,0,0.5405,0.00357208,1,0,1,1,2,0,0.0,0,Roméo Lavia,161,67,1,0,0.54,0.0,7,0,7,32,0,1.41,0.9731,1
2,Chelsea,Valentín Barco,8,6.2,0,1,0,0,0,0.0416,0.0,0,0,0,1,0,0,0.0,0,Valentín Barco,568,8,0,0,0.04,0.0,1,0,1,1,0,1.41,0.0,0
2,Chelsea,Wesley Fofana,68,6.4,0,0,0,0,0,0.0,0.00969153,0,0,0,1,7,0,0.0,0,Wesley Fofana,145,67,0,0,0.0,0.01,0,0,9,-2,0,1.41,0.0,1
2,Coventry City,Aurèle Amenda,90,7.0,0,1,0,0,0,0.0154,0.0372895,0,0,0,0,4,0,0.0,0,Aurèle Amenda,182,90,0,0,0.02,0.04,1,0,4,4,0,0.72,0.0,1
2,Coventry City,Bobby Thomas,78,7.2,0,0,0,0,0,0.0,0.00555881,0,0,0,0,9,0,0.0,0,Bobby Thomas,173,77,0,0,0.0,0.01,8,1,9,28,0,0.72,0.0,1
2,Coventry City,Brandon Thomas-Asante,32,6.4,0,0,0,0,0,0.0,0.00417522,0,0,0,0,0,0,0.0,0,Brandon Thomas-Asante,194,32,0,0,0.0,0.0,1,0,2,5,0,0.72,0.0,0
2,Coventry City,Caleb Yirenkyi,71,7.0,0,1,0,0,1,0.0344,0.129152,0,0,0,0,3,0,0.0,0,Caleb Yirenkyi,575,70,0,0,0.03,0.13,3,1,7,17,0,0.72,0.0,1
2,Coventry City,Carl Rushworth,90,6.3,0,0,0,0,0,0.0,0.00139516,0,0,0,0,1,1,-0.496,0,Carl Rushworth,110,90,0,0,0.0,0.0,2,0,0,10,1,0.72,0.0,1
2,Coventry City,Ephron Mason-Clark,58,6.5,0,0,0,0,1,0.0,0.0556469,0,0,0,0,2,0,0.0,0,Ephron Mason-Clark,186,57,0,0,0.0,0.06,1,0,4,4,0,0.72,0.0,1
2,Coventry City,Ethan Pinnock,12,6.4,0,0,0,0,0,0.0,0.00324977,0,0,0,0,2,0,0.0,0,Ethan Pinnock,91,12,0,0,0.0,0.0,1,0,2,-1,0,0.72,0.0,0
2,Coventry City,Gustavo Hamer,19,6.4,0,0,0,0,0,0.0,0.0163764,0,0,0,0,0,0,0.0,0,Gustavo Hamer,584,19,0,0,0.0,0.02,1,0,0,2,0,0.72,0.0,0
2,Coventry City,Jack Rudoni,71,6.5,0,1,0,0,2,0.0579,0.0889671,0,0,1,1,0,0,0.0,0,Jack Rudoni,183,70,0,0,0.06,0.09,3,1,6,12,0,0.72,0.0,1
2,Coventry City,Jay DaSilva,90,7.0,1,1,0,0,0,0.1831,0.0454527,0,0,2,1,0,0,0.0,0,Jay DaSilva,176,90,0,0,0.18,0.05,2,0,3,15,0,0.72,0.3251,1
2,Coventry City,Loum Tchaouna,59,7.1,0,1,0,0,1,0.0544,0.134251,0,0,1,0,2,0,0.0,0,Loum Tchaouna,190,58,0,0,0.05,0.13,1,0,6,7,0,0.72,0.0,1
2,Coventry City,Matt Grimes,90,6.8,0,1,0,0,1,0.0062,0.0380695,0,0,0,0,1,0,0.0,0,Matt Grimes,184,90,0,0,0.01,0.04,2,0,10,14,0,0.72,0.0,1
2,Coventry City,Milan van Ewijk,90,6.6,0,0,0,0,2,0.0,0.187447,0,0,1,0,1,0,0.0,0,Milan van Ewijk,175,90,0,0,0.0,0.19,2,0,2,15,0,0.72,0.0,1
2,Coventry City,Taiwo Awoniyi,90,6.9,2,4,0,1,2,0.9255,0.0319384,0,0,0,0,1,0,0.0,0,Taiwo Awoniyi,492,90,0,0,0.93,0.03,2,0,3,6,0,0.72,1.0009,1
2,Coventry City,Tatsuhiro Sakamoto,31,6.6,0,1,0,0,0,0.0152,0.0170413,0,0,2,0,0,0,0.0,0,Tatsuhiro Sakamoto,185,31,0,0,0.02,0.02,1,0,4,8,0,0.72,0.0,0
2,Coventry City,Victor Torp,19,6.3,0,0,0,0,0,0.0,0.00527154,0,0,0,0,0,0,0.0,0,Victor Torp,188,19,0,0,0.0,0.01,1,0,2,2,0,0.72,0.0,0
2,Crystal Palace,Adam Wharton,90,7.2,0,0,1,0,2,0.0,0.0678373,0,0,4,0,0,0,0.0,0,Adam Wharton,210,90,0,0,0.0,0.07,2,0,7,21,0,2.21,0.0,1
2,Crystal Palace,Anan Khalaili,75,7.5,0,1,0,0,0,0.0158,0.00319578,0,0,10,2,2,0,0.0,0,Anan Khalaili,588,74,0,0,0.02,0.0,2,0,14,9,0,2.21,0.0,1
2,Crystal Palace,Axel Disasi,16,6.5,0,0,0,0,0,0.0,1.026e-05,0,0,1,0,0,0,0.0,0,Axel Disasi,153,16,0,0,0.0,0.0,1,0,1,-2,0,2.21,0.0,0
2,Crystal Palace,Chris Richards,90,5.9,1,1,0,0,0,0.037,0.00189175,0,0,2,2,2,0,0.0,0,Chris Richards,202,90,0,0,0.04,0.0,0,0,6,-4,0,2.21,0.046,1
2,Crystal Palace,Daichi Kamada,90,7.3,0,1,0,0,0,0.0461,0.0228594,0,0,6,0,1,0,0.0,0,Daichi Kamada,214,90,0,0,0.05,0.02,2,0,9,21,0,2.21,0.0,1
2,Crystal Palace,Dean Henderson,90,6.7,0,0,0,0,0,0.0,2.189e-05,0,0,0,0,2,4,-0.917,0,Dean Henderson,198,90,0,0,0.0,0.0,1,0,0,4,4,2.21,0.0,1
2,Crystal Palace,Dwight McNeil,22,6.4,0,0,0,0,0,0.0,0.00143481,0,0,0,1,0,0,0.0,0,Dwight McNeil,241,22,0,0,0.0,0.0,1,0,2,2,0,2.21,0.0,0
2,Crystal Palace,Eddie Nketiah,68,6.3,0,2,0,1,1,0.3623,0.00326366,0,0,2,1,0,0,0.0,0,Eddie Nketiah,224,67,0,0,0.36,0.0,2,0,6,8,0,2.21,0.0,1
2,Crystal Palace,Evann Guessand,27,6.4,0,0,0,0,0,0.0,0.00758722,0,0,0,0,1,0,0.0,0,Evann Guessand,42,27,0,0,0.0,0.01,1,0,1,3,0,2.21,0.0,0
2,Crystal Palace,Jaydee Canvot,90,6.3,0,0,0,0,0,0.0,0.00460976,0,0,1,0,4,0,0.0,0,Jaydee Canvot,203,90,0,0,0.0,0.0,0,0,7,-1,0,2.21,0.0,1
2,Crystal Palace,Jørgen Strand Larsen,63,7.6,0,1,0,1,0,0.0471,0.00091236,0,0,1,0,1,0,0.0,0,Jørgen Strand Larsen,222,62,0,0,0.05,0.0,2,0,4,13,0,2.21,0.0,1
2,Crystal Palace,Takehiro Tomiyasu,74,5.7,0,0,0,0,0,0.0,0.00134307,0,0,1,3,4,0,0.0,0,Takehiro Tomiyasu,577,73,0,0,0.0,0.0,1,0,8,-3,0,2.21,0.0,1
2,Crystal Palace,Tyrick Mitchell,90,6.6,0,2,1,1,2,0.1055,0.15906,0,0,2,1,2,0,0.0,0,Tyrick Mitchell,204,90,0,0,0.11,0.16,0,0,5,-8,0,2.21,0.0,1
2,Crystal Palace,Yéremy Pino,68,6.9,0,1,1,0,2,0.0502,0.0714621,0,0,2,1,1,0,0.0,0,Yéremy Pino,211,67,0,1,0.05,0.07,5,0,10,27,0,2.21,0.0,1
2,Crystal Palace,Zavier Gozo,22,6.3,0,0,0,0,0,0.0,0.00063582,0,0,1,0,0,0,0.0,0,Zavier Gozo,595,22,0,0,0.0,0.0,1,0,1,3,0,2.21,0.0,0
2,Crystal Palace,Óscar Mingueza,15,6.3,0,0,0,0,0,0.0,0.00040054,0,0,1,0,0,0,0.0,0,Óscar Mingueza,207,15,0,0,0.0,0.0,1,0,1,1,0,2.21,0.0,0
2,Everton,Beto,20,6.7,0,1,0,0,0,0.0375,0.00454554,0,0,0,0,0,0,0.0,0,Beto,248,20,0,0,0.04,0.0,1,0,1,2,0,2.16,0.0,0
2,Everton,Brennan Johnson,28,6.3,0,0,0,0,0,0.0,5.41e-06,0,0,1,0,0,0,0.0,0,Brennan Johnson,209,28,0,0,0.0,0.0,1,0,2,1,0,2.16,0.0,0
2,Everton,Carlos Alcaraz,8,6.3,0,1,0,0,0,0.0314,0.0185343,0,0,0,0,0,0,0.0,0,Carlos Alcaraz,243,4,0,0,0.03,0.02,0,0,0,-2,0,2.16,0.0,0
2,Everton,Harrison Armstrong,86,6.4,0,0,1,0,1,0.0,0.0318719,0,0,3,2,1,0,0.0,0,Harrison Armstrong,244,86,0,0,0.0,0.03,2,0,9,12,0,2.16,0.0,1
2,Everton,Hayden Hackney,28,6.6,0,0,0,0,0,0.0,0.0115432,0,0,0,1,0,0,0.0,0,Hayden Hackney,247,28,0,0,0.0,0.01,1,0,3,3,0,2.16,0.0,0
2,Everton,Iliman Ndiaye,90,6.8,1,2,0,0,1,0.0195,0.071296,0,0,1,2,3,0,0.0,0,Iliman Ndiaye,237,90,0,0,0.02,0.07,4,0,13,16,0,2.16,0.0798,1
2,Everton,James Garner,62,6.6,0,0,0,0,0,0.0,0.00490287,0,0,3,0,0,0,0.0,0,James Garner,239,61,0,0,0.0,0.0,1,0,10,9,0,2.16,0.0,1
2,Everton,James Tarkowski,90,8.1,1,1,0,0,1,0.0951,0.00597418,1,0,1,3,5,0,0.0,0,James Tarkowski,229,90,1,0,0.1,0.01,12,0,10,27,0,2.16,0.3078,1
2,Everton,Jarrad Branthwaite,90,6.3,1,1,0,1,0,0.085,0.00517619,0,0,1,2,9,0,0.0,0,Jarrad Branthwaite,230,90,0,0,0.09,0.01,4,0,12,6,0,2.16,0.1272,1
2,Everton,Jordan Pickford,90,7.3,0,0,0,0,0,0.0,0.00018187,0,0,0,0,4,4,0.8975,0,Jordan Pickford,226,90,0,0,0.0,0.0,3,0,0,22,4,2.16,0.0,1
2,Everton,Kiernan Dewsbury-Hall,90,7.1,1,2,1,0,4,0.0639,0.155676,0,0,3,0,0,0,0.0,0,Kiernan Dewsbury-Hall,236,90,0,0,0.06,0.16,2,0,10,24,0,2.16,0.0,1
2,Everton,Merlin Röhl,86,6.3,0,0,0,0,0,0.0,0.0106992,0,0,3,0,2,0,0.0,0,Merlin Röhl,246,85,0,0,0.0,0.01,2,0,9,13,0,2.16,0.0,1
2,Everton,Thierno Barry,70,6.7,2,3,0,2,1,1.4833,0.00295865,0,0,0,0,2,0,0.0,0,Thierno Barry,249,69,0,0,1.48,0.0,2,0,3,6,0,2.16,0.8814,1
2,Everton,Tim Iroegbunam,8,6.5,0,0,0,0,0,0.0,0.00019866,0,0,0,0,0,0,0.0,0,Tim Iroegbunam,240,4,0,0,0.0,0.0,1,0,0,2,0,2.16,0.0,0
2,Everton,Tyrique George,62,6.6,1,2,0,0,1,0.0464,0.00779595,0,0,1,0,0,0,0.0,0,Tyrique George,242,61,0,0,0.05,0.01,2,0,2,12,0,2.16,0.0101,1
2,Everton,Vitaliy Mykolenko,90,6.9,0,0,0,0,0,0.0,0.00564769,0,0,1,1,6,0,0.0,0,Vitaliy Mykolenko,233,90,0,0,0.0,0.01,4,0,12,7,0,2.16,0.0,1
2,Fulham,Alex Iwobi,90,7.3,0,1,1,0,2,0.0147,0.402793,0,0,1,0,1,0,0.0,0,Alex Iwobi,261,90,0,0,0.01,0.4,2,0,4,20,0,2.02,0.0,1
2,Fulham,Antonee Robinson,90,6.4,0,0,0,0,0,0.0,0.0240163,0,0,3,0,0,0,0.0,0,Antonee Robinson,254,90,0,0,0.0,0.02,2,0,3,10,0,2.02,0.0,1
2,Fulham,Bernd Leno,90,5.9,0,0,0,0,0,0.0,0.00046257,0,0,0,0,2,3,0.3319,0,Bernd Leno,250,90,0,0,0.0,0.0,3,0,0,11,3,2.02,0.0,1
2,Fulham,Calvin Bassey,90,6.9,0,0,0,0,0,0.0,0.0103994,0,0,1,2,4,0,0.0,0,Calvin Bassey,257,90,0,0,0.0,0.01,2,0,7,13,0,2.02,0.0,1
2,Fulham,César Palacios,76,6.5,0,1,0,0,0,0.0241,0.00474774,0,0,0,1,2,0,0.0,0,César Palacios,570,75,0,0,0.02,0.0,1,0,9,6,0,2.02,0.0,1
2,Fulham,Emile Smith Rowe,14,6.5,0,1,0,0,2,0.0581,0.0242117,0,0,0,0,0,0,0.0,0,Emile Smith Rowe,262,14,0,0,0.06,0.02,1,0,1,5,0,2.02,0.0,0
2,Fulham,Gonzalo García,90,6.4,0,3,0,1,0,0.2697,0.012861,0,0,0,0,1,0,0.0,0,Gonzalo García,569,90,0,0,0.27,0.01,2,0,4,2,0,2.02,0.0,1
2,Fulham,Joachim Andersen,90,6.6,0,0,0,0,1,0.0,0.0375425,0,0,0,1,7,0,0.0,0,Joachim Andersen,253,90,0,0,0.0,0.04,1,0,8,4,0,2.02,0.0,1
2,Fulham,Joshua King,90,5.8,0,2,0,1,0,0.4696,0.0349638,0,0,2,0,0,0,0.0,0,Joshua King,268,90,0,0,0.47,0.03,2,0,4,8,0,2.02,0.0,1
2,Fulham,Kevin,12,6.5,0,0,0,0,0,0.0,0.0378906,0,0,0,0,0,0,0.0,0,Kevin,263,7,0,0,0.0,0.04,1,0,0,2,0,2.02,0.0,0
2,Fulham,Oscar Bobb,68,6.4,0,0,0,0,1,0.0,0.00926864,0,0,2,1,0,0,0.0,0,Oscar Bobb,264,67,0,0,0.0,0.01,3,1,5,8,0,2.02,0.0,1
2,Fulham,Ryan Sessegnon,22,6.8,0,1,0,0,0,0.021,0.124482,0,0,1,0,0,0,0.0,0,Ryan Sessegnon,269,22,0,0,0.02,0.12,1,0,1,3,0,2.02,0.0,0
2,Fulham,Sander Berge,83,6.3,0,0,1,0,2,0.0,0.196364,0,0,0,0,0,0,0.0,0,Sander Berge,265,82,0,0,0.0,0.2,2,0,2,14,0,2.02,0.0,1
2,Fulham,Shea Charles,22,6.5,0,2,0,0,0,0.0906,0.0314384,0,0,0,1,0,0,0.0,0,Shea Charles,580,22,0,0,0.09,0.03,1,0,2,2,0,2.02,0.0,0
2,Fulham,Timothy Castagne,68,6.6,0,0,0,0,0,0.0,0.00108415,0,0,1,1,0,0,0.0,0,Timothy Castagne,258,67,0,0,0.0,0.0,6,1,2,18,0,2.02,0.0,1
2,Hull City,Cody Drameh,45,6.8,0,0,0,0,0,0.0,0.00078986,0,0,0,1,2,0,0.0,0,Cody Drameh,281,45,0,0,0.0,0.0,1,0,3,4,0,1.29,0.0,0
2,Hull City,Elliot Stroud,59,6.3,0,1,0,0,0,0.0141,0.00590298,0,0,0,1,1,0,0.0,0,Elliot Stroud,576,58,0,0,0.01,0.01,0,0,7,-2,0,1.29,0.0,1
2,Hull City,Hidemasa Morita,45,6.8,0,0,0,0,1,0.0,0.0014333,0,0,0,0,1,0,0.0,0,Hidemasa Morita,563,45,0,0,0.0,0.0,1,0,3,6,0,1.29,0.0,1
2,Hull City,John Egan,90,7.3,0,0,0,0,0,0.0,0.00341799,0,0,1,2,10,0,0.0,0,John Egan,277,90,0,0,0.0,0.0,9,1,13,25,0,1.29,0.0,1
2,Hull City,Konstantinos Tzolakis,90,8.2,0,0,0,0,0,0.0,0.00086331,0,0,0,0,0,3,1.3259,0,Konstantinos Tzolakis,572,90,0,0,0.0,0.0,10,1,0,32,3,1.29,0.0,1
2,Hull City,Lewie Coyle,45,6.8,0,0,0,0,0,0.0,0.00158812,0,0,0,1,3,0,0.0,0,Lewie Coyle,280,45,0,0,0.0,0.0,0,0,4,2,0,1.29,0.0,1
2,Hull City,Liam Millar,31,7.6,1,3,0,0,0,0.5775,0.0048114,1,0,0,0,0,0,0.0,0,Liam Millar,287,31,1,0,0.58,0.0,6,0,1,24,0,1.29,0.3353,0
2,Hull City,Lucas Gourna-Douath,45,6.8,0,0,0,0,0,0.0,0.0102647,0,0,3,0,0,0,0.0,0,Lucas Gourna-Douath,589,45,0,0,0.0,0.01,1,0,6,6,0,1.29,0.0,0
2,Hull City,Lucas Herrington,31,6.7,0,0,0,0,0,0.0,0.00064109,0,0,0,0,1,0,0.0,0,Lucas Herrington,585,31,0,0,0.0,0.0,1,0,1,3,0,1.29,0.0,0
2,Hull City,Mohamed Ali Cho,13,6.5,0,0,0,0,0,0.0,0.00115941,0,0,0,0,0,0,0.0,0,Mohamed Ali Cho,617,7,0,0,0.0,0.0,1,0,0,3,0,1.29,0.0,0
2,Hull City,Mohamed Belloumi,83,6.7,0,1,1,0,1,0.1161,0.016684,0,1,2,2,1,0,0.0,0,Mohamed Belloumi,286,82,0,1,0.12,0.02,6,1,10,23,0,1.29,0.0,1
2,Hull City,Nobel Mendy,59,7.3,1,1,0,0,0,0.0107,0.00283616,0,0,2,0,5,0,0.0,0,Nobel Mendy,586,58,0,0,0.01,0.0,1,0,9,9,0,1.29,0.1687,1
2,Hull City,Oli McBurnie,90,6.4,0,0,0,0,1,0.0,0.0128953,0,0,0,0,0,0,0.0,0,Oli McBurnie,295,90,0,0,0.0,0.01,1,1,4,7,0,1.29,0.0,1
2,Hull City,Regan Slater,90,6.6,0,0,0,0,0,0.0,0.0062874,0,0,4,0,2,0,0.0,0,Regan Slater,290,90,0,0,0.0,0.01,2,1,10,6,0,1.29,0.0,1
2,Hull City,Ryan Giles,90,7.0,0,0,0,0,1,0.0,0.0749843,0,0,1,0,1,0,0.0,0,Ryan Giles,282,90,0,0,0.0,0.07,6,1,2,21,0,1.29,0.0,1
2,Hull City,Semi Ajayi,90,7.2,0,0,0,0,0,0.0,0.00369983,0,0,2,0,5,0,0.0,0,Semi Ajayi,279,90,0,0,0.0,0.0,6,1,7,24,0,1.29,0.0,1
2,Ipswich Town,Abdoul Ouattara,17,6.3,0,0,0,0,0,0.0,0.00098231,0,0,0,0,0,0,0.0,0,Abdoul Ouattara,592,17,0,0,0.0,0.0,1,0,0,-1,0,4.77,0.0,0
2,Ipswich Town,Abdul Fatawu Issahaku,83,6.4,0,0,2,0,3,0.0,0.219633,0,1,1,0,1,0,0.0,0,Abdul Fatawu Issahaku,315,82,0,1,0.0,0.22,4,0,4,25,0,4.77,0.0,1
2,Ipswich Town,Chuba Akpom,45,7.3,1,1,0,0,0,0.9651,0.00360155,1,0,0,0,0,0,0.0,0,Chuba Akpom,320,45,1,0,0.97,0.0,5,0,0,30,0,4.77,0.9953,0
2,Ipswich Town,Daizen Maeda,73,6.2,1,1,0,0,0,0.0649,0.00622011,0,0,1,0,3,0,0.0,0,Daizen Maeda,562,72,0,0,0.06,0.01,2,0,5,10,0,4.77,0.1437,1
2,Ipswich Town,Dara O'Shea,90,5.0,0,1,0,0,0,0.0749,0.00557917,0,0,0,0,1,0,0.0,0,Dara O'Shea,304,90,0,0,0.07,0.01,0,0,1,-14,0,4.77,0.0,1
2,Ipswich Town,Darnell Furlong,17,6.0,0,0,0,0,0,0.0,0.00133672,0,0,1,1,1,0,0.0,0,Darnell Furlong,308,17,0,0,0.0,0.0,1,0,3,-1,0,4.77,0.0,0
2,Ipswich Town,Emersonn,45,6.2,0,0,1,0,1,0.0,2.932e-05,0,0,0,0,1,0,0.0,0,Emersonn,316,45,0,0,0.0,0.0,1,0,1,7,0,4.77,0.0,1
2,Ipswich Town,Exequiel Palacios,28,6.5,0,0,0,0,1,0.0,0.0148406,0,0,1,2,0,0,0.0,0,Exequiel Palacios,619,28,0,0,0.0,0.01,1,0,6,11,0,4.77,0.0,0
2,Ipswich Town,Issa Diop,90,7.1,0,0,0,0,0,0.0,0.0024827,0,0,0,2,5,0,0.0,0,Issa Diop,259,90,0,0,0.0,0.0,2,0,12,7,0,4.77,0.0,1
2,Ipswich Town,Jacob Greaves,90,4.9,0,0,0,0,0,0.0,0.00533964,0,0,1,0,5,0,0.0,0,Jacob Greaves,306,90,0,0,0.0,0.01,-1,0,10,-13,0,4.77,0.0,1
2,Ipswich Town,Julio Enciso,90,7.0,1,3,1,1,1,0.4025,0.313092,0,1,1,0,0,0,0.0,0,Julio Enciso,591,90,0,1,0.4,0.31,5,0,8,25,0,4.77,0.4056,1
2,Ipswich Town,Kasey McAteer,15,6.5,0,0,0,0,0,0.0,7.557e-05,0,0,0,0,0,0,0.0,0,Kasey McAteer,323,7,0,0,0.0,0.0,1,0,1,3,0,4.77,0.0,0
2,Ipswich Town,Kjell Scherpen,90,8.5,0,0,0,0,0,0.0,0.00583747,0,0,0,1,3,6,-0.3024,0,Kjell Scherpen,564,90,0,0,0.0,0.01,2,0,0,9,6,4.77,0.0,1
2,Ipswich Town,Leif Davis,90,6.5,2,2,0,1,1,0.5369,0.124677,1,0,0,1,2,0,0.0,0,Leif Davis,305,90,1,0,0.54,0.12,6,0,4,1,0,4.77,0.9485,1
2,Ipswich Town,Marcelino Núñez,62,6.0,0,0,0,0,1,0.0,0.02309,0,0,1,0,2,0,0.0,0,Marcelino Núñez,309,61,0,0,0.0,0.02,2,0,9,6,0,4.77,0.0,1
2,Ipswich Town,Saša Lukić,73,6.6,0,1,0,0,1,0.0167,0.0155886,0,0,3,1,5,0,0.0,0,Saša Lukić,267,72,0,0,0.02,0.02,1,0,11,11,0,4.77,0.0,1
2,Leeds,Anton Stach,90,6.9,0,1,0,0,1,0.0664,0.0126658,0,0,4,2,6,0,0.0,0,Anton Stach,335,90,0,0,0.07,0.01,4,0,16,13,0,1.67,0.0,1
2,Leeds,Ao Tanaka,45,6.9,0,0,0,0,0,0.0,0.0107829,0,0,3,0,4,0,0.0,0,Ao Tanaka,345,45,0,0,0.0,0.01,1,0,11,6,0,1.67,0.0,0
2,Leeds,Brenden Aaronson,45,6.5,0,0,0,0,0,0.0,0.00501195,0,0,1,0,1,0,0.0,0,Brenden Aaronson,337,45,0,0,0.0,0.01,1,0,3,6,0,1.67,0.0,1
2,Leeds,Daniel James,22,6.6,0,4,0,0,0,0.2367,0.00626422,0,0,0,0,0,0,0.0,0,Daniel James,343,22,0,0,0.24,0.01,1,0,2,2,0,1.67,0.0,0
2,Leeds,Dominic Calvert-Lewin,90,7.2,1,1,0,0,0,0.9231,0.0201396,1,0,0,0,3,0,0.0,0,Dominic Calvert-Lewin,346,90,1,0,0.92,0.02,8,0,4,31,0,1.67,0.9951,1
2,Leeds,Ethan Ampadu,90,7.2,0,1,0,0,1,0.0141,0.0909539,0,0,2,2,2,0,0.0,0,Ethan Ampadu,338,90,0,0,0.01,0.09,2,0,10,12,0,1.67,0.0,1
2,Leeds,Harry Wilson,45,7.1,0,1,0,0,1,0.0106,0.0393567,0,0,1,2,0,0,0.0,0,Harry Wilson,260,45,0,0,0.01,0.04,1,0,6,7,0,1.67,0.0,0
2,Leeds,Jaka Bijol,45,6.4,0,0,0,0,0,0.0,0.00166014,0,0,0,1,4,0,0.0,0,Jaka Bijol,327,45,0,0,0.0,0.0,1,0,5,0,0,1.67,0.0,1
2,Leeds,James Justin,90,7.0,1,1,0,0,1,0.0306,0.00832338,0,0,2,1,4,0,0.0,0,James Justin,332,90,0,0,0.03,0.01,2,0,8,12,0,1.67,0.1746,1
2,Leeds,James Trafford,90,6.8,0,0,0,0,0,0.0,0.00273669,0,0,0,0,0,4,-0.1874,0,James Trafford,385,90,0,0,0.0,0.0,3,0,0,20,4,1.67,0.0,1
2,Leeds,Jayden Bogle,68,7.0,0,0,0,0,1,0.0,0.00576008,0,0,2,0,4,0,0.0,0,Jayden Bogle,330,67,0,0,0.0,0.01,2,0,7,9,0,1.67,0.0,1
2,Leeds,Joe Rodon,34,6.7,0,0,0,0,0,0.0,0.00055296,0,0,0,0,3,0,0.0,0,Joe Rodon,329,33,0,0,0.0,0.0,1,0,4,4,0,1.67,0.0,1
2,Leeds,Lukas Nmecha,21,6.6,0,1,1,0,2,0.0969,0.00230718,0,1,0,0,0,0,0.0,0,Lukas Nmecha,347,21,0,1,0.1,0.0,4,0,1,18,0,1.67,0.0,0
2,Leeds,Nico Elvedi,56,6.5,0,0,0,0,0,0.0,0.00466029,0,0,1,1,3,0,0.0,0,Nico Elvedi,598,56,0,0,0.0,0.0,1,0,6,9,0,1.67,0.0,0
2,Leeds,Noah Okafor,69,6.9,0,2,0,0,0,0.0769,0.0146963,0,0,1,0,1,0,0.0,0,Noah Okafor,336,68,0,0,0.08,0.01,2,0,2,11,0,1.67,0.0,1
2,Leeds,Tarik Muharemović,90,7.4,0,0,0,0,0,0.0,0.010206,0,0,2,2,11,0,0.0,0,Tarik Muharemović,334,90,0,0,0.0,0.01,4,0,19,17,0,1.67,0.0,1
2,Liverpool,Alexander Isak,90,7.2,1,3,0,0,1,0.9922,0.00202334,1,0,1,0,0,0,0.0,0,Alexander Isak,379,90,1,0,0.99,0.0,8,0,1,30,0,2.3,0.9927,1
2,Liverpool,Alexis Mac Allister,77,7.2,0,0,0,0,0,0.0,0.386951,0,0,3,0,2,0,0.0,0,Alexis Mac Allister,372,76,0,0,0.0,0.39,2,0,10,10,0,2.3,0.0,1
2,Liverpool,Alisson,90,6.1,0,0,0,0,0,0.0,0.00168326,0,0,0,0,2,1,-0.7234,0,Alisson,350,90,0,0,0.0,0.0,0,0,0,-5,1,2.3,0.0,1
2,Liverpool,Cody Gakpo,71,7.3,0,0,1,0,2,0.0,0.646974,0,1,0,1,0,0,0.0,0,Cody Gakpo,367,70,0,1,0.0,0.65,5,0,3,21,0,2.3,0.0,1
2,Liverpool,Dominik Szoboszlai,90,7.1,0,3,0,0,2,0.1648,0.132102,0,0,3,1,1,0,0.0,0,Dominik Szoboszlai,368,90,0,0,0.16,0.17,4,0,13,24,0,2.3,0.0,1
2,Liverpool,Florian Wirtz,90,6.4,1,2,0,0,1,0.2259,0.202269,0,1,3,0,0,0,0.0,0,Florian Wirtz,366,90,0,1,0.23,0.2,4,0,10,23,0,2.3,0.0225,1
2,Liverpool,Jeremie Frimpong,71,6.2,0,0,0,0,1,0.0,0.0243468,0,0,2,0,4,0,0.0,0,Jeremie Frimpong,357,70,0,0,0.0,0.02,1,0,6,9,0,2.3,0.0,1
2,Liverpool,Jérémy Jacquet,77,8.2,0,0,0,0,1,0.0,0.0514522,0,0,3,3,4,0,0.0,0,Jérémy Jacquet,362,76,0,0,0.0,0.05,3,0,11,13,0,2.3,0.0,1
2,Liverpool,Kostas Tsimikas,19,6.9,1,1,0,0,0,0.0415,0.00528427,0,0,0,0,0,0,0.0,0,Kostas Tsimikas,364,19,0,0,0.04,0.01,1,0,0,4,0,2.3,0.5365,0
2,Liverpool,Miloš Kerkez,71,6.5,0,0,0,0,1,0.0,0.0122807,0,0,1,1,4,0,0.0,0,Miloš Kerkez,358,70,0,0,0.0,0.01,1,0,8,9,0,2.3,0.0,1
2,Liverpool,Rio Ngumoha,19,6.5,0,0,0,0,0,0.0,0.0253073,0,0,0,0,0,0,0.0,0,Rio Ngumoha,369,19,0,0,0.0,0.03,1,0,0,5,0,2.3,0.0,0
2,Liverpool,Ronald Araújo,13,7.0,0,0,0,0,0,0.0,0.0128136,0,0,0,0,0,0,0.0,0,Ronald Araújo,579,13,0,0,0.0,0.01,0,0,1,-1,0,2.3,0.0,0
2,Liverpool,Ryan Gravenberch,19,6.6,0,0,0,0,1,0.0,0.00782765,0,0,1,0,0,0,0.0,0,Ryan Gravenberch,371,19,0,0,0.0,0.01,1,0,1,7,0,2.3,0.0,0
2,Liverpool,Trey Nyoni,13,6.7,0,0,0,0,0,0.0,0.00443458,0,0,2,1,0,0,0.0,0,Trey Nyoni,375,13,0,0,0.0,0.0,1,0,5,3,0,2.3,0.0,0
2,Liverpool,Virgil van Dijk,90,7.2,0,0,0,0,0,0.0,0.0319807,0,0,0,1,6,0,0.0,0,Virgil van Dijk,356,90,0,0,0.0,0.03,1,0,7,5,0,2.3,0.0,1
2,Liverpool,Víctor Muñoz,90,7.4,1,4,0,0,1,0.3228,0.190152,1,0,2,3,0,0,0.0,0,Víctor Muñoz,377,90,1,0,0.32,0.19,6,0,7,24,0,2.3,0.4691,1
2,Man City,Abdukodir Khusanov,89,7.1,0,0,0,0,0,0.0,0.0198417,0,0,4,2,0,0,0.0,0,Abdukodir Khusanov,393,88,0,0,0.0,0.02,2,0,7,17,0,0.66,0.0,1
2,Man City,Antoine Semenyo,90,6.3,1,2,1,0,3,0.0605,0.565874,0,1,1,0,0,0,0.0,0,Antoine Semenyo,397,90,0,1,0.06,0.57,5,0,3,33,0,0.66,0.1965,1
2,Man City,Ayyoub Bouaddi,8,7.0,0,0,0,0,0,0.0,0.115897,0,0,0,1,0,0,0.0,0,Ayyoub Bouaddi,616,8,0,0,0.0,0.12,1,0,1,3,0,0.66,0.0,0
2,Man City,Elliot Anderson,82,7.7,1,2,1,0,1,0.0663,0.21781,0,0,5,3,1,0,0.0,0,Elliot Anderson,481,81,0,0,0.07,0.22,3,0,14,25,0,0.66,0.1948,1
2,Man City,Erling Haaland,90,8.2,3,5,0,0,0,0.6641,0.00023016,2,0,0,0,3,0,0.0,0,Erling Haaland,411,90,2,0,0.66,0.0,13,0,5,60,0,0.66,1.0218,1
2,Man City,Gianluigi Donnarumma,90,6.3,0,0,0,0,0,0.0,0.00011152,0,0,0,0,0,1,-0.954,0,Gianluigi Donnarumma,384,90,0,0,0.0,0.0,0,0,0,5,1,0.66,0.0,1
2,Man City,Joško Gvardiol,75,6.6,0,0,0,0,2,0.0,0.0425528,0,1,1,0,1,0,0.0,0,Joško Gvardiol,391,74,0,1,0.0,0.04,5,0,2,18,0,0.66,0.0,1
2,Man City,Kaden Braithwaite,1,0.0,0,0,0,0,0,0.0,0.00145561,0,0,0,0,0,0,0.0,0,Kaden Braithwaite,622,1,0,0,0.0,0.0,1,0,0,3,0,0.66,0.0,0
2,Man City,Marc Guéhi,90,7.6,0,0,0,0,1,0.0,0.0380251,0,0,0,2,3,0,0.0,0,Marc Guéhi,388,90,0,0,0.0,0.04,2,0,5,12,0,0.66,0.0,1
2,Man City,Mateo Kovačić,15,6.6,0,0,0,0,0,0.0,0.00949728,0,0,0,0,0,0,0.0,0,Mateo Kovačić,406,15,0,0,0.0,0.01,1,0,0,9,0,0.66,0.0,0
2,Man City,Nico O'Reilly,89,6.3,0,1,0,0,0,0.0194,0.0194639,0,0,1,0,0,0,0.0,0,Nico O'Reilly,387,88,0,0,0.02,0.02,2,0,1,11,0,0.66,0.0,1
2,Man City,Phil Foden,90,6.9,0,3,2,2,3,0.8716,0.453123,0,2,1,0,2,0,0.0,0,Phil Foden,398,90,0,2,0.87,0.45,9,0,7,38,0,0.66,0.0,1
2,Man City,Rayan Cherki,82,8.6,3,3,1,0,3,0.3453,0.550488,2,0,0,0,0,0,0.0,0,Rayan Cherki,399,81,2,0,0.35,0.55,14,0,3,60,0,0.66,1.4917,1
2,Man City,Ryan McAidoo,8,6.5,0,1,0,0,0,0.0977,0.00064133,0,0,0,0,0,0,0.0,0,Ryan McAidoo,621,8,0,0,0.1,0.0,1,0,0,3,0,0.66,0.0,0
2,Man City,Rúben Dias,90,7.6,1,1,0,0,2,0.0904,0.565347,0,0,1,1,4,0,0.0,0,Rúben Dias,390,90,0,0,0.09,0.57,2,0,6,19,0,0.66,0.1783,1
2,Man City,Vitor Reis,1,0.0,0,0,0,0,0,0.0,0.00283033,0,0,0,0,0,0,0.0,0,Vitor Reis,396,1,0,0,0.0,0.0,1,0,0,3,0,0.66,0.0,0
2,Man Utd,Andrey Santos,10,6.6,0,0,0,0,0,0.0,0.00398021,0,0,3,0,0,0,0.0,0,Andrey Santos,162,10,0,0,0.0,0.0,1,0,5,2,0,2.06,0.0,0
2,Man Utd,Benjamin Šeško,10,6.5,0,0,0,0,1,0.0,0.0052896,0,0,0,0,0,0,0.0,0,Benjamin Šeško,439,10,0,0,0.0,0.01,1,0,3,5,0,2.06,0.0,0
2,Man Utd,Bruno Fernandes,90,10.0,3,8,1,0,3,2.0223,0.480228,3,1,2,0,0,0,0.0,0,Bruno Fernandes,426,90,3,1,2.02,0.48,23,0,8,87,0,2.06,2.4012,1
2,Man Utd,Bryan Mbeumo,90,8.0,1,5,1,2,3,1.758,0.211515,1,0,3,0,0,0,0.0,0,Bryan Mbeumo,427,90,1,1,1.76,0.21,11,0,5,37,0,2.06,0.6123,1
2,Man Utd,Diogo Dalot,74,6.8,1,4,1,0,3,0.152,0.115843,0,0,0,2,2,0,0.0,0,Diogo Dalot,417,73,0,0,0.15,0.12,2,0,4,12,0,2.06,0.4656,1
2,Man Utd,Harry Maguire,90,6.6,0,1,0,0,0,0.0316,0.0110747,0,0,1,3,1,0,0.0,0,Harry Maguire,418,90,0,1,0.03,0.01,4,0,5,13,0,2.06,0.0,1
2,Man Utd,Kobbie Mainoo,80,7.8,0,3,0,0,0,0.1378,0.267702,0,0,3,2,0,0,0.0,0,Kobbie Mainoo,432,79,0,0,0.14,0.27,4,0,15,25,0,2.06,0.0,1
2,Man Utd,Leny Yoro,16,6.3,0,0,0,0,0,0.0,0.00838815,0,0,0,2,0,0,0.0,0,Leny Yoro,420,16,0,0,0.0,0.01,1,0,2,-2,0,2.06,0.0,0
2,Man Utd,Lisandro Martínez,90,6.5,0,1,0,0,0,0.0267,0.0572652,0,0,0,0,0,0,0.0,0,Lisandro Martínez,419,90,0,0,0.03,0.06,1,0,0,2,0,2.06,0.0,1
2,Man Utd,Luke Shaw,73,7.0,0,0,0,0,0,0.0,0.0151247,0,0,4,2,2,0,0.0,0,Luke Shaw,423,72,0,0,0.0,0.02,2,0,8,12,0,2.06,0.0,1
2,Man Utd,Marcus Rashford,80,6.9,2,4,0,1,3,0.2566,0.0456301,0,0,3,0,0,0,0.0,0,Marcus Rashford,429,79,0,0,0.26,0.05,2,0,6,17,0,2.06,0.3605,1
2,Man Utd,Matheus Cunha,80,7.0,1,2,1,0,2,0.106,0.151487,0,1,0,0,0,0,0.0,1,Matheus Cunha,428,79,0,2,0.11,0.15,9,0,2,31,0,2.06,0.1432,1
2,Man Utd,Noussair Mazraoui,17,6.3,0,0,0,0,0,0.0,0.00476357,0,0,0,0,0,0,0.0,0,Noussair Mazraoui,422,17,0,0,0.0,0.0,1,0,0,-1,0,2.06,0.0,0
2,Man Utd,Patrick Dorgu,10,6.5,1,2,0,1,1,0.1838,0.00599392,0,0,1,0,1,0,0.0,0,Patrick Dorgu,415,10,0,0,0.18,0.01,1,0,2,4,0,2.06,0.301,0
2,Man Utd,Senne Lammens,90,7.6,0,0,0,0,0,0.0,7.756e-05,0,0,0,0,1,3,0.4931,0,Senne Lammens,412,90,0,0,0.0,0.0,2,0,0,11,3,2.06,0.0,1
2,Man Utd,Youri Tielemans,90,8.1,2,3,0,1,4,0.4705,0.105781,0,0,2,2,2,0,0.0,0,Youri Tielemans,43,90,0,0,0.47,0.11,4,0,13,26,0,2.06,0.4138,1
2,Newcastle,Amar Dedić,90,7.8,0,0,0,0,2,0.0,0.0566968,0,1,3,0,4,0,0.0,0,Amar Dedić,593,90,0,1,0.0,0.06,11,1,8,37,0,1.12,0.0,1
2,Newcastle,Anthony Elanga,82,7.8,1,2,0,0,1,0.1954,0.0951862,1,0,2,0,0,0,0.0,0,Anthony Elanga,454,81,1,0,0.2,0.1,8,1,3,32,0,1.12,0.243,1
2,Newcastle,Bazoumana Touré,1,0.0,0,0,0,0,0,0.0,0.0,0,0,0,0,0,0,0.0,0,Bazoumana Touré,461,1,0,0,0.0,0.0,1,0,0,3,0,1.12,0.0,0
2,Newcastle,Harvey Barnes,89,6.4,0,1,0,0,2,0.0411,0.0101497,0,0,2,0,2,0,0.0,0,Harvey Barnes,453,90,0,0,0.04,0.01,3,1,4,9,0,1.12,0.0,1
2,Newcastle,Jacob Murphy,8,6.9,0,0,0,0,0,0.0,0.200155,0,0,1,0,0,0,0.0,0,Jacob Murphy,457,8,0,0,0.0,0.2,1,0,3,3,0,1.12,0.0,0
2,Newcastle,Jacob Ramsey,8,6.8,0,0,0,0,0,0.0,0.130732,0,0,0,0,0,0,0.0,0,Jacob Ramsey,456,8,0,0,0.0,0.13,1,0,1,3,0,1.12,0.0,0
2,Newcastle,Joe Willock,71,6.3,0,3,0,0,0,0.0748,0.018764,0,0,0,0,1,0,0.0,0,Joe Willock,460,70,0,0,0.07,0.02,3,1,2,0,0,1.12,0.0,1
2,Newcastle,Lewis Hall,90,9.7,0,1,0,0,2,0.0345,0.311938,0,0,2,1,6,0,0.0,0,Lewis Hall,449,90,0,0,0.03,0.31,11,1,13,52,0,1.12,0.0,1
2,Newcastle,Lewis Miley,90,7.4,0,0,0,0,1,0.0,0.0419291,0,0,0,1,2,0,0.0,0,Lewis Miley,459,90,0,0,0.0,0.04,3,1,9,16,0,1.12,0.0,1
2,Newcastle,Lukáš Horníček,90,7.5,0,0,0,0,0,0.0,0.00164586,0,0,0,0,2,4,0.906,0,Lukáš Horníček,567,90,0,0,0.0,0.0,7,1,0,32,4,1.12,0.0,1
2,Newcastle,Malick Thiaw,90,7.3,0,0,0,0,0,0.0,0.0151352,0,0,0,0,3,0,0.0,0,Malick Thiaw,445,90,0,0,0.0,0.02,6,1,3,25,0,1.12,0.0,1
2,Newcastle,Nick Woltemade,19,6.9,0,1,1,0,1,0.0179,0.0132329,0,1,0,0,0,0,0.0,0,Nick Woltemade,463,19,0,1,0.02,0.01,4,0,0,18,0,1.12,0.0,0
2,Newcastle,Nico González,71,6.6,0,0,0,0,2,0.0,0.197213,0,0,0,1,1,0,0.0,0,Nico González,405,70,0,0,0.0,0.2,2,1,4,9,0,1.12,0.0,1
2,Newcastle,Sean Steur,19,6.8,0,0,0,0,0,0.0,0.00021541,0,0,0,0,3,0,0.0,0,Sean Steur,462,19,0,0,0.0,0.0,1,0,3,4,0,1.12,0.0,0
2,Newcastle,Sven Botman,90,6.9,0,1,0,0,0,0.014,0.00188995,0,0,1,0,4,0,0.0,0,Sven Botman,447,90,0,0,0.01,0.0,5,1,5,22,0,1.12,0.0,1
2,Newcastle,Yoane Wissa,82,7.1,1,2,0,0,1,0.3459,0.00044311,1,0,1,0,1,0,0.0,0,Yoane Wissa,464,81,1,0,0.35,0.0,8,1,6,37,0,1.12,0.4423,1
2,Nott'm Forest,Callum Hudson Odoi,1,0.0,0,0,0,0,0,0.0,0.00269509,0,0,0,0,0,0,0.0,0,Callum Hudson Odoi,482,1,0,0,0.0,0.0,1,0,0,2,0,1.75,0.0,0
2,Nott'm Forest,Dan Ndoye,66,7.7,1,3,1,1,2,0.3513,0.633749,1,0,0,1,0,0,0.0,0,Dan Ndoye,483,65,1,0,0.35,0.63,9,0,9,30,0,1.75,0.2865,1
2,Nott'm Forest,Igor Jesus,89,6.5,1,3,0,1,1,0.7361,0.0399981,0,0,1,0,3,0,0.0,0,Igor Jesus,491,90,0,0,0.74,0.04,1,0,5,4,0,1.75,0.2661,1
2,Nott'm Forest,Jair,90,6.7,0,0,0,0,0,0.0,0.00467065,0,0,2,0,6,0,0.0,0,Jair,474,90,0,0,0.0,0.0,1,0,8,6,0,1.75,0.0,1
2,Nott'm Forest,James McAtee,89,6.7,0,0,1,0,1,0.0,0.253743,0,0,1,0,2,0,0.0,0,James McAtee,486,90,0,0,0.0,0.16,2,0,8,16,0,1.75,0.0,1
2,Nott'm Forest,Liam Delap,24,6.4,0,1,1,0,1,0.0706,0.00259758,0,0,0,0,0,0,0.0,0,Liam Delap,167,24,0,0,0.07,0.0,1,0,0,9,0,1.75,0.0,0
2,Nott'm Forest,Luca Netz,10,6.7,0,0,0,0,0,0.0,0.0,0,0,1,0,0,0,0.0,0,Luca Netz,478,4,0,0,0.0,0.0,1,0,1,5,0,1.75,0.0,0
2,Nott'm Forest,Matz Sels,90,7.0,0,0,0,0,0,0.0,0.00951603,0,0,0,0,3,2,0.0209,0,Matz Sels,467,90,0,0,0.0,0.01,1,0,0,6,2,1.75,0.0,1
2,Nott'm Forest,Morgan Gibbs-White,90,7.6,1,1,1,0,1,0.7884,0.0439919,1,1,2,0,1,0,0.0,0,Morgan Gibbs-White,480,90,1,1,0.79,0.04,13,0,5,36,0,1.75,0.724,1
2,Nott'm Forest,Murillo,90,6.4,0,1,0,0,0,0.1759,0.00293218,0,0,0,1,5,0,0.0,0,Murillo,472,90,0,0,0.18,0.0,1,0,6,2,0,1.75,0.0,1
2,Nott'm Forest,Neco Williams,90,8.9,0,1,0,1,2,0.1242,0.154856,0,0,6,0,3,0,0.0,1,Neco Williams,469,90,0,1,0.12,0.15,6,0,12,16,0,1.75,0.0,1
2,Nott'm Forest,Nicolás Domínguez,1,0.0,0,0,0,0,0,0.0,0.00014773,0,0,0,0,0,0,0.0,0,Nicolás Domínguez,487,1,0,0,0.0,0.0,1,0,0,3,0,1.75,0.0,0
2,Nott'm Forest,Nikola Milenković,90,6.4,0,0,0,0,0,0.0,0.00037947,0,0,3,3,7,0,0.0,0,Nikola Milenković,471,90,0,0,0.0,0.0,3,0,13,3,0,1.75,0.0,1
2,Nott'm Forest,Ola Aina,86,7.1,0,0,0,0,1,0.0,0.388392,0,0,2,1,2,0,0.0,0,Ola Aina,473,85,0,0,0.0,0.35,0,0,5,2,0,1.75,0.0,1
2,Nott'm Forest,Xaver Schlager,90,7.1,0,2,0,0,0,0.0549,0.00242203,0,0,5,0,2,0,0.0,0,Xaver Schlager,558,90,0,0,0.05,0.0,4,0,15,15,0,1.75,0.0,1
2,Spurs,Andy Robertson,68,6.3,1,1,0,0,1,0.0647,0.0182272,0,0,1,0,2,0,0.0,0,Andy Robertson,502,67,0,0,0.06,0.02,2,0,3,7,0,0.72,0.0874,1
2,Spurs,Antonín Kinský,90,5.6,0,0,0,0,0,0.0,0.0031074,0,0,0,0,0,0,-1.3147,0,Antonín Kinský,496,90,0,0,0.0,0.0,1,0,0,4,0,0.72,0.0,1
2,Spurs,Archie Gray,68,6.3,0,0,0,0,0,0.0,0.00386581,0,0,0,1,2,0,0.0,0,Archie Gray,522,67,0,0,0.0,0.0,2,0,6,9,0,0.72,0.0,1
2,Spurs,Destiny Udogie,22,6.6,0,0,0,0,1,0.0,0.192132,0,0,1,0,0,0,0.0,0,Destiny Udogie,506,22,0,0,0.0,0.19,1,0,1,2,0,0.72,0.0,0
2,Spurs,Dominic Solanke,15,6.4,1,1,0,0,0,0.201,0.00123953,0,0,0,0,0,0,0.0,0,Dominic Solanke,526,15,0,0,0.2,0.0,1,0,0,6,0,0.72,0.0,0
2,Spurs,Jan Paul van Hecke,90,7.6,1,1,0,1,1,0.1062,0.0307999,0,0,2,0,6,0,0.0,0,Jan Paul van Hecke,112,90,0,0,0.11,0.03,1,0,8,9,0,0.72,0.3128,1
2,Spurs,Mateus Fernandes,90,7.5,0,1,1,0,3,0.0085,0.17066,0,0,3,0,0,0,0.0,0,Mateus Fernandes,525,90,0,0,0.01,0.17,2,0,8,18,0,0.72,0.0,1
2,Spurs,Mathys Tel,68,6.4,1,3,0,0,0,0.1367,0.02712,0,0,1,0,0,0,0.0,0,Mathys Tel,514,67,0,0,0.14,0.03,2,0,3,10,0,0.72,0.2914,1
2,Spurs,Micky van de Ven,90,6.7,0,0,0,0,0,0.0,0.0172971,0,0,1,1,6,0,0.0,0,Micky van de Ven,503,90,0,0,0.0,0.02,0,0,8,5,0,0.72,0.0,1
2,Spurs,Mikey Moore,22,6.4,0,1,0,0,0,0.0152,0.00086206,0,0,0,0,0,0,0.0,0,Mikey Moore,523,22,0,0,0.02,0.0,1,0,1,1,0,0.72,0.0,0
2,Spurs,Mohammed Kudus,22,6.5,0,1,0,0,0,0.0382,0.0123804,0,0,0,0,0,0,0.0,0,Mohammed Kudus,512,22,0,0,0.04,0.01,1,0,2,4,0,0.72,0.0,0
2,Spurs,Omar Marmoush,90,7.1,1,3,0,0,3,0.1686,0.0691113,0,0,1,0,0,0,0.0,0,Omar Marmoush,401,90,0,0,0.17,0.07,2,0,4,14,0,0.72,0.2143,1
2,Spurs,Pedro Porro,90,6.8,1,4,0,1,0,0.3275,0.0990567,0,0,1,0,3,0,0.0,0,Pedro Porro,499,90,0,0,0.33,0.1,1,0,4,1,0,0.72,0.0,1
2,Spurs,Rodrigo Bentancur,90,6.6,0,0,0,0,0,0.0,0.0167324,0,0,2,1,1,0,0.0,0,Rodrigo Bentancur,516,90,0,0,0.0,0.02,2,0,11,17,0,0.72,0.0,1
2,Spurs,Sandro Tonali,75,6.6,0,1,1,0,2,0.0525,0.0225192,0,0,0,1,0,0,0.0,0,Sandro Tonali,455,74,0,0,0.05,0.02,2,0,4,16,0,0.72,0.0,1
2,Sunderland,Brian Brobbey,64,6.8,0,1,0,0,0,0.0313,0.00296288,0,0,0,0,1,0,0.0,0,Brian Brobbey,552,63,0,0,0.03,0.0,2,1,4,5,0,0.95,0.0,1
2,Sunderland,Chris Rigg,12,6.5,0,0,0,0,0,0.0,0.0,0,0,0,0,0,0,0.0,0,Chris Rigg,548,7,0,0,0.0,0.0,1,0,0,3,0,0.95,0.0,0
2,Sunderland,Daniel Ballard,90,7.2,0,1,0,0,0,0.0286,0.00478954,0,0,1,1,7,0,0.0,0,Daniel Ballard,532,90,0,0,0.03,0.0,8,1,10,27,0,0.95,0.0,1
2,Sunderland,Enzo Le Fée,89,6.9,1,4,1,1,1,0.3659,0.174985,0,0,1,1,0,0,0.0,0,Enzo Le Fée,542,89,0,0,0.37,0.17,3,1,6,13,0,0.95,0.2043,1
2,Sunderland,Granit Xhaka,90,8.4,0,0,2,0,4,0.0,0.355706,0,0,0,0,0,0,0.0,0,Granit Xhaka,544,90,0,0,0.0,0.36,6,1,7,29,0,0.95,0.0,1
2,Sunderland,Habib Diarra,18,7.0,0,0,1,0,1,0.0,0.157296,0,1,0,0,0,0,0.0,0,Habib Diarra,543,18,0,1,0.0,0.16,4,0,0,15,0,0.95,0.0,0
2,Sunderland,Nilson Angulo,65,6.9,0,0,0,0,1,0.0,0.0411567,0,0,1,0,0,0,0.0,0,Nilson Angulo,551,64,0,0,0.0,0.04,3,1,5,13,0,0.95,0.0,1
2,Sunderland,Noah Sadiki,90,7.2,0,1,0,0,0,0.0239,0.0227835,0,0,3,2,3,0,0.0,0,Noah Sadiki,545,90,0,0,0.02,0.02,3,1,11,21,0,0.95,0.0,1
2,Sunderland,Nordi Mukiele,90,8.1,0,0,0,0,0,0.0,0.0113835,0,0,2,1,14,0,0.0,0,Nordi Mukiele,533,90,0,0,0.0,0.01,9,1,19,28,0,0.95,0.0,1
2,Sunderland,Reinildo Mandava,90,7.2,0,0,0,0,0,0.0,0.0141282,0,0,1,1,4,0,0.0,0,Reinildo Mandava,536,90,0,0,0.0,0.01,6,1,7,26,0,0.95,0.0,1
2,Sunderland,Robin Roefs,90,6.7,0,0,0,0,0,0.0,0.00068849,0,0,0,0,2,0,0.0,0,Robin Roefs,529,90,0,0,0.0,0.0,6,1,0,22,0,0.95,0.0,1
2,Sunderland,Romaine Mundle,1,0.0,1,1,0,1,0,0.1726,6.645e-05,0,0,0,0,0,0,0.0,0,Romaine Mundle,547,1,0,0,0.17,0.0,1,0,1,2,0,0.95,0.1876,0
2,Sunderland,Thomas Meunier,90,6.8,1,1,0,0,1,0.0169,0.050278,0,0,0,1,7,0,0.0,0,Thomas Meunier,541,90,0,0,0.02,0.05,6,1,8,27,0,0.95,0.0124,1
2,Sunderland,Trai Hume,90,6.8,0,0,0,0,1,0.0,0.00772344,0,0,4,0,1,0,0.0,0,Trai Hume,534,90,0,0,0.0,0.01,6,1,6,24,0,0.95,0.0,1
2,Sunderland,Wilson Isidor,26,7.3,1,3,0,1,0,1.3851,6.573e-05,1,0,0,0,0,0,0.0,0,Wilson Isidor,553,26,1,0,1.39,0.0,8,0,0,29,0,0.95,0.9276,0
3,Arsenal,Ben White,90,6.8,0,0,0,0,0,0.0,0.0286603,0,0,2,0,4,0,0.0,0,Ben White,10,90,0,0,0.0,0.03,2,0,6,11,0,0.39,0.0,1
3,Arsenal,Bukayo Saka,89,6.7,3,4,0,1,1,0.225,0.228215,0,0,1,1,0,0,0.0,0,Bukayo Saka,12,89,0,0,0.23,0.23,2,0,4,13,0,0.39,0.21,1
3,Arsenal,Christos Tzolis,90,7.7,0,0,1,0,4,0.0,0.199245,0,1,1,1,1,0,0.0,0,Christos Tzolis,557,90,0,1,0.0,0.2,5,0,8,31,0,0.39,0.0,1
3,Arsenal,David Raya,90,6.6,0,0,0,0,0,0.0,0.0069761,0,0,0,0,2,4,-0.651,0,David Raya,1,90,0,0,0.0,0.01,3,0,0,15,4,0.39,0.0,1
3,Arsenal,Declan Rice,90,7.7,0,1,0,0,1,0.0274,0.0783281,0,1,0,1,3,0,0.0,0,Declan Rice,13,90,0,1,0.03,0.08,5,0,6,22,0,0.39,0.0,1
3,Arsenal,Ezri Konsa,90,6.8,0,0,0,0,0,0.0,0.00746379,0,0,3,1,6,0,0.0,0,Ezri Konsa,31,90,0,0,0.0,0.01,4,0,10,15,0,0.39,0.0,1
3,Arsenal,Gabriel Magalhães,90,6.9,2,2,0,1,0,0.3141,0.0199196,0,0,0,1,5,0,0.0,0,Gabriel Magalhães,4,90,0,0,0.31,0.02,2,0,7,10,0,0.39,0.4653,1
3,Arsenal,Kai Havertz,78,7.9,2,3,0,0,3,0.2698,0.268121,1,0,0,1,0,0,0.0,0,Kai Havertz,26,77,1,0,0.27,0.27,8,0,1,38,0,0.39,0.8788,1
3,Arsenal,Martin Ødegaard,77,9.2,1,2,2,0,4,0.7178,0.876987,1,0,0,0,0,0,0.0,0,Martin Ødegaard,15,76,1,0,0.72,0.88,10,0,3,47,0,0.39,0.228,1
3,Arsenal,Martín Zubimendi,23,6.2,0,1,0,0,0,0.0773,0.0186769,0,0,0,3,1,0,0.0,0,Martín Zubimendi,19,23,0,0,0.08,0.02,1,0,4,1,0,0.39,0.0,0
3,Arsenal,Mikel Merino,13,6.5,0,0,0,0,0,0.0,0.00490197,0,0,0,0,0,0,0.0,0,Mikel Merino,17,13,0,0,0.0,0.0,0,0,0,0,0,0.39,0.0,0
3,Arsenal,Myles Lewis-Skelly,67,6.4,0,1,0,0,1,0.0331,0.102906,0,0,0,0,0,0,0.0,0,Myles Lewis-Skelly,7,66,0,0,0.03,0.1,2,0,2,5,0,0.39,0.0,1
3,Arsenal,Noni Madueke,1,0.0,0,0,0,0,0,0.0,0.00859328,0,0,1,0,0,0,0.0,0,Noni Madueke,16,1,0,0,0.0,0.01,1,0,1,3,0,0.39,0.0,0
3,Arsenal,Piero Hincapié,23,6.8,0,0,0,0,0,0.0,0.00489496,0,0,1,0,2,0,0.0,0,Piero Hincapié,9,23,0,0,0.0,0.0,1,0,3,3,0,0.39,0.0,0
3,Arsenal,Riccardo Calafiori,67,6.3,1,2,0,1,0,0.3872,0.032111,0,0,1,0,0,0,0.0,0,Riccardo Calafiori,8,66,0,0,0.39,0.03,2,0,1,0,0,0.39,0.213,1
3,Arsenal,Viktor Gyökeres,12,6.4,0,0,0,0,0,0.0,0.00049498,0,0,0,0,0,0,0.0,0,Viktor Gyökeres,25,12,0,0,0.0,0.0,1,0,1,2,0,0.39,0.0,0
3,Aston Villa,Aaron Wan-Bissaka,9,6.7,0,0,0,0,0,0.0,0.00427288,0,0,0,0,1,0,0.0,0,Aaron Wan-Bissaka,611,5,0,0,0.0,0.0,1,0,1,3,0,0.57,0.0,0
3,Aston Villa,Alejandro Garnacho,15,6.4,0,0,0,0,0,0.0,0.00393199,0,0,0,0,0,0,0.0,0,Alejandro Garnacho,160,15,0,0,0.0,0.0,1,0,0,4,0,0.57,0.0,0
3,Aston Villa,Alysson,15,6.4,0,0,0,0,0,0.0,0.00327238,0,0,0,0,0,0,0.0,0,Alysson,52,15,0,0,0.0,0.0,1,0,1,3,0,0.57,0.0,0
3,Aston Villa,Boubacar Kamara,90,7.0,0,0,0,0,1,0.0,0.0703069,0,0,1,1,2,0,0.0,0,Boubacar Kamara,47,90,0,0,0.0,0.07,3,1,10,20,0,0.57,0.0,1
3,Aston Villa,Emiliano Buendía,75,6.0,0,2,0,1,0,0.6148,0.0467265,0,0,0,0,0,0,0.0,0,Emiliano Buendía,41,74,0,0,0.61,0.05,3,1,2,2,0,0.57,0.0,1
3,Aston Villa,George Hemmings,75,6.5,1,1,1,0,1,0.0707,0.137453,0,0,1,0,2,0,0.0,0,George Hemmings,51,74,0,0,0.07,0.14,3,1,7,12,0,0.57,0.0756,1
3,Aston Villa,Ian Maatsen,75,7.3,0,0,0,0,1,0.0,0.421184,0,0,1,1,1,0,0.0,0,Ian Maatsen,36,74,0,0,0.0,0.42,7,1,3,29,0,0.57,0.0,1
3,Aston Villa,John McGinn,90,6.2,0,1,0,1,0,0.6755,0.0333638,0,0,2,1,0,0,0.0,0,John McGinn,45,90,0,0,0.68,0.03,3,1,5,6,0,0.57,0.0,1
3,Aston Villa,Matteo Ruggeri,15,6.8,0,0,0,0,0,0.0,0.00577522,0,0,0,1,0,0,0.0,0,Matteo Ruggeri,596,15,0,0,0.0,0.01,1,0,1,3,0,0.57,0.0,0
3,Aston Villa,Matty Cash,85,6.5,0,0,0,0,1,0.0,0.0273508,0,0,0,0,1,0,0.0,0,Matty Cash,32,84,0,0,0.0,0.03,6,1,1,23,0,0.57,0.0,1
3,Aston Villa,Nicolas Jackson,85,6.6,0,2,1,0,1,0.2356,0.439226,0,0,0,0,0,0,0.0,0,Nicolas Jackson,166,84,0,0,0.24,0.44,2,1,2,10,0,0.57,0.0,1
3,Aston Villa,Ross Barkley,90,6.8,0,4,0,0,2,0.2234,0.0921627,0,0,0,0,2,0,0.0,0,Ross Barkley,46,90,0,0,0.22,0.09,3,1,6,15,0,0.57,0.0,1
3,Aston Villa,Tammy Abraham,9,6.5,0,0,0,0,0,0.0,1.395e-05,0,0,1,0,0,0,0.0,0,Tammy Abraham,56,5,0,0,0.0,0.0,1,0,1,3,0,0.57,0.0,0
3,Aston Villa,Tyrone Mings,90,7.4,0,3,0,0,0,0.1092,0.0188316,0,0,1,0,4,0,0.0,0,Tyrone Mings,33,90,0,0,0.11,0.02,6,1,5,28,0,0.57,0.0,1
3,Aston Villa,Victor Lindelöf,90,7.8,0,0,0,0,2,0.0,0.0843269,0,0,0,0,4,0,0.0,0,Victor Lindelöf,37,90,0,0,0.0,0.08,6,1,4,28,0,0.57,0.0,1
3,Aston Villa,Zion Suzuki,90,7.8,0,0,0,0,0,0.0,0.00219273,0,0,0,0,1,4,0.1679,0,Zion Suzuki,597,90,0,0,0.0,0.0,10,1,0,38,4,0.57,0.0,1
3,Bournemouth,Adam Smith,90,6.2,0,1,0,0,2,0.0149,0.0447587,0,0,1,1,2,0,0.0,0,Adam Smith,64,90,0,0,0.01,0.04,0,0,4,3,0,0.71,0.0,1
3,Bournemouth,Adrien Truffert,90,6.1,0,1,0,0,1,0.0095,0.0631664,0,0,3,2,1,0,0.0,0,Adrien Truffert,61,90,0,0,0.01,0.06,0,0,6,-3,0,0.71,0.0,1
3,Bournemouth,Alex Scott,89,6.6,0,2,0,0,2,0.0692,0.0150364,0,0,0,3,2,0,0.0,0,Alex Scott,69,90,0,2,0.07,0.02,10,0,11,37,0,0.71,0.0,1
3,Bournemouth,António Silva,90,6.9,1,1,0,0,0,0.0184,0.00817672,0,0,1,0,6,0,0.0,0,António Silva,566,90,0,0,0.02,0.01,1,0,8,8,0,0.71,0.1862,1
3,Bournemouth,Ben Gannon-Doak,8,6.6,0,1,0,0,0,0.019,0.00044071,0,0,1,0,0,0,0.0,0,Ben Gannon-Doak,72,1,0,0,0.02,0.0,1,0,2,3,0,0.71,0.0,0
3,Bournemouth,Daniel Jebbison,8,6.6,0,0,0,0,0,0.0,0.0,0,0,0,0,0,0,0.0,0,Daniel Jebbison,608,1,0,0,0.0,0.0,1,0,0,4,0,0.71,0.0,0
3,Bournemouth,David Brooks,14,6.4,0,0,0,0,0,0.0,0.0,0,0,0,0,0,0,0.0,0,David Brooks,74,14,0,0,0.0,0.0,1,0,0,2,0,0.71,0.0,0
3,Bournemouth,Evanilson,90,6.6,0,3,0,1,0,0.1287,0.0132484,0,0,0,0,4,0,0.0,0,Evanilson,79,90,0,0,0.13,0.01,2,0,7,4,0,0.71,0.0,1
3,Bournemouth,James Hill,90,6.3,0,0,0,0,3,0.0,0.0185357,0,0,0,1,5,0,0.0,0,James Hill,60,90,0,0,0.0,0.02,1,0,6,4,0,0.71,0.0,1
3,Bournemouth,Justin Kluivert,76,6.3,0,2,0,0,0,0.0584,0.0101232,0,0,1,0,0,0,0.0,0,Justin Kluivert,70,75,0,0,0.06,0.01,1,0,4,6,0,0.71,0.0,1
3,Bournemouth,Lewis Cook,14,6.2,0,0,0,0,0,0.0,0.00076986,0,0,0,1,0,0,0.0,0,Lewis Cook,71,14,0,0,0.0,0.0,1,0,1,2,0,0.71,0.0,0
3,Bournemouth,Marcus Tavernier,89,8.3,4,5,0,0,1,1.0133,0.04701,1,0,1,0,0,0,0.0,0,Marcus Tavernier,68,88,1,0,1.01,0.05,10,0,9,43,0,0.71,1.8134,1
3,Bournemouth,Rayan,89,6.5,0,1,0,0,0,0.0386,0.00953624,0,0,1,0,1,0,0.0,0,Rayan,67,88,0,0,0.04,0.01,2,0,2,8,0,0.71,0.0,1
3,Bournemouth,Ryan Christie,1,0.0,0,0,0,0,0,0.0,0.0,0,0,0,0,0,0,0.0,0,Ryan Christie,75,1,0,0,0.0,0.0,1,0,0,3,0,0.71,0.0,0
3,Bournemouth,Tyler Adams,76,7.1,0,0,0,0,1,0.0,0.0129029,0,0,3,0,0,0,0.0,0,Tyler Adams,73,75,0,0,0.0,0.01,4,0,12,15,0,0.71,0.0,1
3,Bournemouth,Đorđe Petrović,90,6.4,0,0,0,0,0,0.0,0.00081247,0,0,0,0,1,0,-0.325,0,Đorđe Petrović,57,90,0,0,0.0,0.0,1,0,0,0,0,0.71,0.0,1
3,Brentford,Aaron Hickey,45,6.4,0,0,0,0,0,0.0,0.00470203,0,0,1,2,2,0,0.0,0,Aaron Hickey,90,45,0,0,0.0,0.0,1,0,5,0,0,1.71,0.0,0
3,Brentford,Callum Wilson,11,6.5,0,0,0,0,0,0.0,0.0,0,0,0,0,1,0,0.0,0,Callum Wilson,108,4,0,0,0.0,0.0,1,0,1,2,0,1.71,0.0,0
3,Brentford,Caoimhin Kelleher,90,6.8,0,0,0,0,0,0.0,0.00055528,0,0,0,0,2,2,-0.1067,0,Caoimhin Kelleher,82,90,0,0,0.0,0.0,2,0,0,10,2,1.71,0.0,1
3,Brentford,Dango Ouattara,45,6.6,0,0,0,0,1,0.0,0.0125746,0,0,1,1,2,0,0.0,0,Dango Ouattara,95,45,0,0,0.0,0.01,1,0,11,6,0,1.71,0.0,1
3,Brentford,Igor Thiago,90,7.2,1,2,0,1,0,0.4983,0.0143589,0,0,1,0,2,0,0.0,0,Igor Thiago,106,90,0,0,0.5,0.01,2,0,6,9,0,1.71,0.523,1
3,Brentford,Jaidon Anthony,45,6.2,0,1,0,0,0,0.047,0.00599467,0,0,0,0,0,0,0.0,0,Jaidon Anthony,105,45,0,0,0.05,0.01,1,0,4,3,0,1.71,0.0,0
3,Brentford,Jannik Schuster,73,7.3,0,1,0,0,0,0.1011,0.00746158,0,0,0,0,9,0,0.0,0,Jannik Schuster,93,73,0,0,0.1,0.01,4,0,10,11,0,1.71,0.0,0
3,Brentford,Keane Lewis-Potter,90,5.9,0,3,1,1,3,0.2364,0.400246,0,0,1,0,4,0,0.0,0,Keane Lewis-Potter,86,90,0,0,0.24,0.4,2,0,6,4,0,1.71,0.0,1
3,Brentford,Kevin Schade,90,6.7,0,0,0,0,1,0.0,0.169169,0,0,0,0,0,0,0.0,0,Kevin Schade,94,90,0,0,0.0,0.17,2,0,5,11,0,1.71,0.0,1
3,Brentford,Kristoffer Ajer,90,6.6,0,0,0,0,0,0.0,0.00230307,0,0,0,1,4,0,0.0,0,Kristoffer Ajer,87,90,0,0,0.0,0.0,2,0,5,8,0,1.71,0.0,1
3,Brentford,Mamadou Sangare,45,6.6,0,2,0,0,0,0.1461,0.0126908,0,0,1,1,0,0,0.0,0,Mamadou Sangare,565,45,0,0,0.15,0.01,0,0,5,0,0,1.71,0.0,1
3,Brentford,Michael Kayode,45,7.0,0,1,0,0,0,0.0337,0.00074105,0,0,0,1,3,0,0.0,0,Michael Kayode,88,45,0,0,0.03,0.0,1,0,5,2,0,1.71,0.0,1
3,Brentford,Mikkel Damsgaard,86,7.4,0,0,1,0,2,0.0,0.209272,0,0,0,0,1,0,0.0,0,Mikkel Damsgaard,96,85,0,1,0.0,0.21,8,0,4,30,0,1.71,0.0,1
3,Brentford,Nathan Collins,17,6.7,0,0,0,0,0,0.0,3.176e-05,0,0,0,0,1,0,0.0,0,Nathan Collins,84,16,0,0,0.0,0.0,1,0,1,4,0,1.71,0.0,1
3,Brentford,Vitaly Janelt,90,8.0,1,1,0,0,0,0.1144,0.0130157,1,0,4,2,0,0,0.0,0,Vitaly Janelt,98,90,1,0,0.11,0.01,11,0,12,30,0,1.71,0.5518,1
3,Brentford,Yehor Yarmoliuk,45,6.4,0,1,0,0,0,0.0304,0.0199864,0,0,1,0,1,0,0.0,0,Yehor Yarmoliuk,102,45,0,0,0.03,0.02,0,0,5,1,0,1.71,0.0,0
3,Brighton,Bart Verbruggen,90,8.3,0,0,0,0,0,0.0,0.204409,0,0,0,0,0,3,0.9018,0,Bart Verbruggen,109,90,0,0,0.0,0.2,3,0,0,17,3,2.49,0.0,1
3,Brighton,Charalampos Kostoulas,90,6.8,1,3,0,1,0,0.4335,0.0244273,0,0,1,0,3,0,0.0,0,Charalampos Kostoulas,138,90,0,0,0.43,0.02,2,0,8,9,0,2.49,0.258,1
3,Brighton,Costinha,12,7.1,0,0,0,0,1,0.0,0.157703,0,0,0,0,1,0,0.0,0,Costinha,119,12,0,0,0.0,0.16,1,0,1,7,0,2.49,0.0,0
3,Brighton,Diego Gómez,90,6.5,1,4,0,0,2,0.0882,0.052251,0,0,3,1,1,0,0.0,0,Diego Gómez,127,90,0,0,0.09,0.05,2,0,9,13,0,2.49,0.0556,1
3,Brighton,Ferdi Kadıoğlu,78,6.4,1,2,0,0,1,0.0573,0.0108838,0,0,1,1,3,0,0.0,0,Ferdi Kadıoğlu,113,77,0,0,0.06,0.01,2,0,5,8,0,2.49,0.0664,1
3,Brighton,Lewis Dunk,90,7.9,0,0,0,0,0,0.0,0.00726708,0,0,0,0,11,0,0.0,0,Lewis Dunk,116,90,0,0,0.0,0.01,5,0,12,20,0,2.49,0.0,1
3,Brighton,Luka Vušković,90,8.0,1,2,0,0,0,0.187,0.00944822,1,0,2,1,6,0,0.0,0,Luka Vušković,504,90,1,0,0.19,0.01,12,0,10,27,0,2.49,0.2048,1
3,Brighton,Malick Yalcouyé,90,7.3,0,1,0,0,2,0.0504,0.087603,0,0,0,0,2,0,0.0,0,Malick Yalcouyé,605,90,0,0,0.05,0.09,2,0,5,16,0,2.49,0.0,1
3,Brighton,Maxim De Cuyper,77,6.7,0,0,1,0,1,0.0,0.139194,0,1,1,0,1,0,0.0,0,Maxim De Cuyper,115,76,0,1,0.0,0.14,4,0,2,17,0,2.49,0.0,1
3,Brighton,Olivier Boscagli,89,7.5,0,0,1,0,5,0.0,0.327288,0,0,0,0,4,0,0.0,0,Olivier Boscagli,114,90,0,0,0.0,0.33,2,0,4,17,0,2.49,0.0,1
3,Brighton,Pascal Groß,90,5.9,0,5,0,1,1,0.7936,0.0371975,0,0,0,2,0,0,0.0,0,Pascal Groß,124,90,0,0,0.79,0.04,1,0,4,-1,0,2.49,0.0,1
3,Brighton,Pascal Struijk,1,0.0,0,0,0,0,0,0.0,0.00010681,0,0,0,0,0,0,0.0,0,Pascal Struijk,328,1,0,0,0.0,0.0,1,0,0,3,0,2.49,0.0,0
3,Brighton,Promise David,13,6.0,0,1,0,1,0,0.4192,0.0,0,0,0,0,0,0,0.0,0,Promise David,594,13,0,0,0.42,0.0,0,0,0,-7,0,2.49,0.0,0
3,Brighton,Yasin Ayari,90,6.9,1,2,0,0,1,0.165,0.0369666,0,0,0,0,1,0,0.0,0,Yasin Ayari,129,90,0,0,0.17,0.04,2,0,3,18,0,2.49,0.0962,1
3,Chelsea,Cole Palmer,90,6.5,2,3,0,0,1,0.1122,0.0418246,0,0,0,0,0,0,0.0,0,Cole Palmer,154,90,0,0,0.11,0.04,1,0,3,11,0,2.05,0.1551,1
3,Chelsea,Danny Welbeck,8,6.4,0,0,0,0,0,0.0,0.00092124,0,0,0,0,0,0,0.0,0,Danny Welbeck,136,3,0,0,0.0,0.0,1,0,0,3,0,2.05,0.0,0
3,Chelsea,Emiliano Martínez,90,8.4,0,0,0,0,0,0.0,0.00277715,0,0,0,0,0,8,-0.0048999999999999,0,Emiliano Martínez,28,90,0,0,0.0,0.0,3,0,0,26,8,2.05,0.0,1
3,Chelsea,Estêvão,9,6.5,1,1,0,0,0,0.0411,0.00233616,0,0,0,0,0,0,0.0,0,Estêvão,157,9,0,0,0.04,0.0,1,0,0,5,0,2.05,0.0218,0
3,Chelsea,Jorrel Hato,60,7.1,0,0,0,0,1,0.0,0.0157912,0,1,2,0,2,0,0.0,0,Jorrel Hato,148,59,0,1,0.0,0.02,3,0,6,5,0,2.05,0.0,1
3,Chelsea,Josh Acheampong,90,5.7,0,0,0,0,0,0.0,0.00924662,0,0,0,0,1,0,0.0,0,Josh Acheampong,151,90,0,0,0.0,0.01,1,0,1,-3,0,2.05,0.0,1
3,Chelsea,João Pedro,90,6.5,0,1,0,0,2,0.0182,0.0462148,0,0,0,0,0,0,0.0,0,João Pedro,165,90,0,0,0.02,0.05,1,0,1,8,0,2.05,0.0,1
3,Chelsea,Malo Gusto,30,6.9,0,1,0,0,0,0.039,0.00614326,0,0,2,0,0,0,0.0,0,Malo Gusto,144,30,0,0,0.04,0.01,1,0,2,4,0,2.05,0.0,0
3,Chelsea,Maxence Lacroix,90,6.6,0,0,0,0,0,0.0,0.00570637,0,0,2,1,6,0,0.0,0,Maxence Lacroix,200,90,0,0,0.0,0.01,2,0,11,3,0,2.05,0.0,1
3,Chelsea,Morgan Rogers,87,7.2,1,3,0,0,1,0.0755,0.0323264,1,0,0,0,0,0,0.0,0,Morgan Rogers,40,86,1,0,0.08,0.03,6,0,5,22,0,2.05,0.1056,1
3,Chelsea,Pedro Neto,81,6.3,0,1,0,0,2,0.0281,0.034006,0,0,1,2,0,0,0.0,0,Pedro Neto,156,80,0,0,0.03,0.03,2,0,7,10,0,2.05,0.0,1
3,Chelsea,Pep Chavarría,30,6.6,0,0,0,0,0,0.0,0.00111244,0,0,1,1,0,0,0.0,0,Pep Chavarría,583,30,0,0,0.0,0.0,1,0,2,2,0,2.05,0.0,0
3,Chelsea,Reece James,90,7.1,1,3,0,0,1,0.0746,0.0493991,0,0,0,0,3,0,0.0,0,Reece James,142,90,0,0,0.07,0.05,1,0,3,9,0,2.05,0.0665,1
3,Chelsea,Roméo Lavia,60,6.8,0,0,0,0,0,0.0,0.00759996,0,0,1,1,1,0,0.0,0,Roméo Lavia,161,59,0,0,0.0,0.01,1,0,6,7,0,2.05,0.0,1
3,Chelsea,Wesley Fofana,90,7.2,0,0,0,0,2,0.0,0.0357823,0,0,3,2,10,0,0.0,0,Wesley Fofana,145,90,0,0,0.0,0.04,3,0,17,16,0,2.05,0.0,1
3,Coventry City,Aurèle Amenda,90,6.7,0,0,0,0,0,0.0,0.342996,0,0,1,1,1,0,0.0,0,Aurèle Amenda,182,90,0,0,0.0,0.34,2,0,3,4,0,2.12,0.0,1
3,Coventry City,Bobby Thomas,90,8.4,0,5,1,0,2,0.2204,0.167139,0,0,1,4,6,0,0.0,0,Bobby Thomas,173,90,0,0,0.22,0.17,4,0,12,19,0,2.12,0.0,1
3,Coventry City,Brandon Thomas-Asante,19,6.5,0,0,0,0,0,0.0,0.00077268,0,0,0,1,0,0,0.0,0,Brandon Thomas-Asante,194,19,0,0,0.0,0.0,1,0,3,6,0,2.12,0.0,0
3,Coventry City,Caleb Yirenkyi,27,6.3,0,0,0,0,0,0.0,0.00053325,0,0,0,2,0,0,0.0,0,Caleb Yirenkyi,575,27,0,0,0.0,0.0,1,0,6,4,0,2.12,0.0,0
3,Coventry City,Carl Rushworth,90,7.3,0,0,0,0,0,0.0,0.0033683,0,0,0,0,1,2,0.4113,0,Carl Rushworth,110,90,0,0,0.0,0.0,2,0,0,13,2,2.12,0.0,1
3,Coventry City,Ellis Simms,19,6.5,1,1,0,1,1,0.2959,0.0,0,0,0,0,0,0,0.0,0,Ellis Simms,195,19,0,0,0.3,0.0,1,0,0,3,0,2.12,0.6721,0
3,Coventry City,Ephron Mason-Clark,71,6.3,0,0,0,0,0,0.0,0.00194883,0,0,0,0,2,0,0.0,0,Ephron Mason-Clark,186,70,0,0,0.0,0.0,2,0,5,4,0,2.12,0.0,1
3,Coventry City,Ethan Pinnock,90,6.9,0,1,0,0,0,0.1085,6.894e-05,0,0,1,2,9,0,0.0,0,Ethan Pinnock,91,90,0,0,0.11,0.0,3,0,13,3,0,2.12,0.0,1
3,Coventry City,Frank Onyeka,63,6.4,0,0,0,0,0,0.0,0.00374426,0,0,1,0,0,0,0.0,0,Frank Onyeka,104,62,0,0,0.0,0.0,2,0,3,5,0,2.12,0.0,1
3,Coventry City,Gustavo Hamer,11,6.5,0,0,0,0,0,0.0,1.67e-06,0,0,1,0,0,0,0.0,0,Gustavo Hamer,584,5,0,0,0.0,0.0,1,0,2,1,0,2.12,0.0,0
3,Coventry City,Jack Rudoni,63,6.2,1,1,0,1,2,0.2889,0.0948285,0,0,1,1,0,0,0.0,0,Jack Rudoni,183,62,0,0,0.29,0.09,2,0,5,9,0,2.12,0.7134,1
3,Coventry City,Jay DaSilva,85,6.9,0,0,0,0,1,0.0,0.0845188,0,0,2,1,2,0,0.0,0,Jay DaSilva,176,84,0,0,0.0,0.08,2,0,7,10,0,2.12,0.0,1
3,Coventry City,Loum Tchaouna,27,6.7,1,2,0,0,2,0.101,0.0298266,0,0,0,0,0,0,0.0,0,Loum Tchaouna,190,27,0,0,0.1,0.03,1,0,1,9,0,2.12,0.3741,0
3,Coventry City,Matt Grimes,90,6.6,0,1,0,0,0,0.0396,0.00369302,0,0,5,1,0,0,0.0,0,Matt Grimes,184,90,0,0,0.04,0.0,2,0,8,8,0,2.12,0.0,1
3,Coventry City,Milan van Ewijk,90,6.9,0,0,0,0,0,0.0,0.0631012,0,0,3,4,4,0,0.0,0,Milan van Ewijk,175,90,0,0,0.0,0.06,3,0,11,5,0,2.12,0.0,1
3,Coventry City,Taiwo Awoniyi,71,6.3,0,1,0,1,1,0.3131,0.00097131,0,0,0,1,1,0,0.0,0,Taiwo Awoniyi,492,70,0,0,0.31,0.0,2,0,5,6,0,2.12,0.0,1
3,Crystal Palace,Adam Wharton,90,7.0,0,0,0,0,0,0.0,0.00610686,0,0,1,1,5,0,0.0,0,Adam Wharton,210,90,0,0,0.0,0.01,2,0,8,10,0,3.14,0.0,1
3,Crystal Palace,Anan Khalaili,90,7.2,0,2,0,1,0,0.7169,0.00684551,0,0,3,2,4,0,0.0,0,Anan Khalaili,588,90,0,0,0.72,0.01,3,0,10,6,0,3.14,0.0,1
3,Crystal Palace,Axel Disasi,90,7.7,0,0,0,0,1,0.0,0.0443141,0,0,4,4,3,0,0.0,0,Axel Disasi,153,90,0,0,0.0,0.04,3,0,13,14,0,3.14,0.0,1
3,Crystal Palace,Ben Chilwell,16,7.7,1,1,0,0,0,0.1489,0.0006573,1,0,0,0,0,0,0.0,0,Ben Chilwell,643,16,1,0,0.15,0.0,7,0,0,20,0,3.14,0.6828,0
3,Crystal Palace,Chris Richards,90,7.2,1,1,0,0,0,0.041,0.00263646,0,0,1,0,5,0,0.0,0,Chris Richards,202,90,0,0,0.04,0.0,1,0,9,8,0,3.14,0.3584,1
3,Crystal Palace,Daichi Kamada,89,6.7,0,0,1,0,2,0.0,0.00809261,0,1,0,0,0,0,0.0,0,Daichi Kamada,214,88,0,1,0.0,0.01,5,0,4,21,0,3.14,0.0,1
3,Crystal Palace,Darío Osorio,1,0.0,0,0,0,0,0,0.0,0.0002685,0,0,1,0,0,0,0.0,0,Darío Osorio,647,1,0,0,0.0,0.0,1,0,1,2,0,3.14,0.0,0
3,Crystal Palace,Dean Henderson,90,6.8,0,0,0,0,0,0.0,0.00029955,0,0,0,0,1,5,-0.1892,0,Dean Henderson,198,90,0,0,0.0,0.0,2,0,0,19,5,3.14,0.0,1
3,Crystal Palace,Eddie Nketiah,45,6.8,1,1,1,1,1,0.1368,0.00187689,0,1,1,0,0,0,0.0,0,Eddie Nketiah,224,45,0,1,0.14,0.0,4,0,2,16,0,3.14,0.411,1
3,Crystal Palace,Jaydee Canvot,90,6.1,0,0,0,0,0,0.0,0.00256069,0,0,2,3,4,0,0.0,0,Jaydee Canvot,203,90,0,0,0.0,0.0,1,0,9,4,0,3.14,0.0,1
3,Crystal Palace,Jørgen Strand Larsen,45,6.7,0,0,0,0,0,0.0,0.0020828,0,0,0,0,1,0,0.0,0,Jørgen Strand Larsen,222,45,0,0,0.0,0.0,1,0,4,4,0,3.14,0.0,0
3,Crystal Palace,Quinten Timber,74,6.5,0,1,0,0,0,0.0195,0.00220586,0,0,1,1,0,0,0.0,0,Quinten Timber,644,73,0,0,0.02,0.0,2,0,6,8,0,3.14,0.0,1
3,Crystal Palace,Tyrick Mitchell,74,8.8,2,3,0,0,1,0.6617,0.008001,2,0,2,1,3,0,0.0,0,Tyrick Mitchell,204,73,2,0,0.66,0.01,15,0,6,31,0,3.14,1.113,1
3,Crystal Palace,Will Hughes,16,6.7,0,0,0,0,0,0.0,0.0033318,0,0,0,0,2,0,0.0,0,Will Hughes,212,16,0,0,0.0,0.0,1,0,3,3,0,3.14,0.0,0
3,Crystal Palace,Yéremy Pino,89,7.1,0,1,2,1,3,0.2475,0.304557,0,0,1,0,1,0,0.0,0,Yéremy Pino,211,88,0,1,0.25,0.3,5,0,5,25,0,3.14,0.0,1
3,Crystal Palace,Óscar Mingueza,1,0.0,0,0,0,0,0,0.0,0.00043691,0,0,1,0,0,0,0.0,0,Óscar Mingueza,207,1,0,0,0.0,0.0,1,0,1,4,0,3.14,0.0,0
3,Everton,Ainsley Maitland-Niles,13,7.3,1,1,0,0,0,0.0271,0.00361205,1,0,0,0,0,0,0.0,0,Ainsley Maitland-Niles,649,13,1,0,0.03,0.0,7,0,0,13,0,0.69,0.4224,0
3,Everton,Brennan Johnson,66,6.2,0,1,0,0,2,0.0522,0.0371125,0,0,1,2,1,0,0.0,0,Brennan Johnson,209,65,0,0,0.05,0.04,1,0,8,3,0,0.69,0.0,1
3,Everton,Harrison Armstrong,90,6.3,0,2,0,0,0,0.0945,0.0267665,0,0,1,0,3,0,0.0,0,Harrison Armstrong,244,90,0,0,0.09,0.03,1,0,5,5,0,0.69,0.0,1
3,Everton,Hayden Hackney,15,6.9,0,1,0,0,2,0.0384,0.0891524,0,1,1,0,0,0,0.0,0,Hayden Hackney,247,15,0,1,0.04,0.09,4,0,1,14,0,0.69,0.0,0
3,Everton,Jack Grealish,24,7.2,0,1,0,0,1,0.0218,0.125681,0,0,1,0,0,0,0.0,0,Jack Grealish,238,24,0,0,0.02,0.13,1,0,1,8,0,0.69,0.0,0
3,Everton,James Garner,77,6.9,0,0,0,0,2,0.0,0.0797184,0,0,1,1,1,0,0.0,0,James Garner,239,76,0,0,0.0,0.08,2,0,8,19,0,0.69,0.0,1
3,Everton,James Tarkowski,90,7.3,0,1,0,0,0,0.0186,0.00551909,0,0,3,4,4,0,0.0,0,James Tarkowski,229,90,0,0,0.02,0.01,3,0,12,11,0,0.69,0.0,1
3,Everton,Jarrad Branthwaite,90,7.0,2,2,0,0,0,0.076,0.00299546,0,0,1,2,4,0,0.0,0,Jarrad Branthwaite,230,90,0,0,0.08,0.0,3,0,11,10,0,0.69,0.0465,1
3,Everton,Jordan Pickford,90,5.8,0,0,0,0,0,0.0,0.0031967,0,0,0,0,0,1,-1.067,0,Jordan Pickford,226,90,0,0,0.0,0.0,1,0,0,6,1,0.69,0.0,1
3,Everton,Kiernan Dewsbury-Hall,90,6.9,2,4,0,0,2,0.2694,0.0708702,0,0,4,0,2,0,0.0,0,Kiernan Dewsbury-Hall,236,90,0,0,0.27,0.07,2,0,11,20,0,0.69,0.0977,1
3,Everton,Merlin Röhl,75,6.6,0,0,1,0,1,0.0,0.125778,0,0,0,0,2,0,0.0,0,Merlin Röhl,246,74,0,0,0.0,0.13,1,0,6,10,0,0.69,0.0,1
3,Everton,Thierno Barry,90,6.6,0,4,0,1,1,0.3752,0.0214964,0,0,0,0,0,0,0.0,0,Thierno Barry,249,90,0,0,0.38,0.02,2,0,4,7,0,0.69,0.0,1
3,Everton,Tyrique George,90,8.2,1,1,0,0,3,0.037,0.065456,1,0,0,1,0,0,0.0,0,Tyrique George,242,90,1,0,0.04,0.07,10,0,4,35,0,0.69,0.5189,1
3,Everton,Vitaliy Mykolenko,90,6.7,0,0,0,0,0,0.0,0.00983668,0,0,3,2,1,0,0.0,0,Vitaliy Mykolenko,233,90,0,0,0.0,0.01,1,0,6,8,0,0.69,0.0,1
3,Fulham,Alex Iwobi,83,7.3,0,1,0,0,1,0.036,0.257271,0,0,1,0,0,0,0.0,0,Alex Iwobi,261,82,0,0,0.04,0.26,2,0,4,15,0,1.97,0.0,1
3,Fulham,Antonee Robinson,79,6.4,0,2,0,0,2,0.0791,0.104441,0,0,2,0,3,0,0.0,0,Antonee Robinson,254,78,0,0,0.08,0.1,1,0,5,7,0,1.97,0.0,1
3,Fulham,Bernd Leno,90,6.6,0,0,0,0,0,0.0,0.00215789,0,0,0,0,0,2,-0.4348,0,Bernd Leno,250,90,0,0,0.0,0.0,1,0,0,8,2,1.97,0.0,1
3,Fulham,Calvin Bassey,90,6.5,0,0,0,0,0,0.0,0.0395403,0,0,1,0,1,0,0.0,0,Calvin Bassey,257,90,0,0,0.0,0.04,1,0,2,2,0,1.97,0.0,1
3,Fulham,César Palacios,61,6.7,2,5,0,0,1,0.7975,0.0152101,1,0,0,0,0,0,0.0,0,César Palacios,570,60,1,0,0.8,0.02,8,0,0,27,0,1.97,0.6355,1
3,Fulham,Emile Smith Rowe,11,6.4,0,0,0,0,0,0.0,0.00292096,0,0,0,0,0,0,0.0,0,Emile Smith Rowe,262,11,0,0,0.0,0.0,1,0,0,3,0,1.97,0.0,0
3,Fulham,Gonzalo García,90,6.4,0,5,0,0,1,0.4426,0.20167,0,0,1,1,2,0,0.0,0,Gonzalo García,569,90,0,0,0.44,0.2,2,0,7,10,0,1.97,0.0,1
3,Fulham,Hugo Larsson,11,7.3,0,1,0,0,0,0.1278,0.221328,0,0,1,0,0,0,0.0,0,Hugo Larsson,635,11,0,0,0.13,0.22,1,0,1,3,0,1.97,0.0,0
3,Fulham,Joachim Andersen,90,7.3,0,0,0,0,2,0.0,0.0649414,0,0,2,1,4,0,0.0,0,Joachim Andersen,253,90,0,0,0.0,0.06,1,0,7,8,0,1.97,0.0,1
3,Fulham,Joshua King,90,8.1,1,2,0,0,2,0.3132,0.269451,1,0,1,1,0,0,0.0,0,Joshua King,268,90,1,0,0.31,0.27,10,0,7,38,0,1.97,0.4733,1
3,Fulham,Oscar Bobb,79,7.6,1,3,1,0,4,0.3189,0.648627,0,0,0,0,0,0,0.0,0,Oscar Bobb,264,78,0,0,0.32,0.65,2,0,4,17,0,1.97,0.1488,1
3,Fulham,Rodrigo Muniz,12,6.1,1,2,0,0,1,0.382,0.00010942,0,0,0,0,0,0,0.0,0,Rodrigo Muniz,271,7,0,0,0.38,0.0,1,0,0,5,0,1.97,0.1077,0
3,Fulham,Ryan Sessegnon,11,6.5,0,1,0,0,1,0.0791,0.31987,0,0,0,1,0,0,0.0,0,Ryan Sessegnon,269,11,0,0,0.08,0.32,1,0,1,3,0,1.97,0.0,0
3,Fulham,Sander Berge,29,6.9,0,0,0,0,0,0.0,0.101162,0,0,0,0,0,0,0.0,0,Sander Berge,265,29,0,0,0.0,0.1,1,0,2,9,0,1.97,0.0,0
3,Fulham,Shea Charles,79,6.6,0,0,0,0,3,0.0,0.0897213,0,0,0,3,0,0,0.0,0,Shea Charles,580,78,0,0,0.0,0.09,2,0,11,18,0,1.97,0.0,1
3,Fulham,Timothy Castagne,90,6.5,1,3,0,1,2,0.5837,0.186668,0,0,2,2,2,0,0.0,0,Timothy Castagne,258,90,0,0,0.58,0.19,1,0,7,-1,0,1.97,0.4455,1
3,Hull City,Brooke Norton-Cuffy,26,6.7,0,0,0,0,0,0.0,0.00042888,0,0,0,0,1,0,0.0,0,Brooke Norton-Cuffy,638,26,0,0,0.0,0.0,1,0,1,3,0,1.93,0.0,0
3,Hull City,Elliot Stroud,63,6.4,0,1,0,0,1,0.0411,0.00745291,0,0,0,0,0,0,0.0,0,Elliot Stroud,576,62,0,0,0.04,0.01,3,1,2,5,0,1.93,0.0,1
3,Hull City,Jens Hjertø-Dahl,8,6.6,0,0,0,0,0,0.0,3.866e-05,0,0,0,0,0,0,0.0,0,Jens Hjertø-Dahl,574,8,0,0,0.0,0.0,1,0,1,4,0,1.93,0.0,0
3,Hull City,John Egan,90,7.1,0,0,0,0,0,0.0,0.00139296,0,0,3,2,1,0,0.0,0,John Egan,277,90,0,0,0.0,0.0,6,1,7,18,0,1.93,0.0,1
3,Hull City,Konstantinos Tzolakis,90,7.3,0,0,0,0,0,0.0,0.00114851,0,0,0,0,0,1,0.0756,0,Konstantinos Tzolakis,572,90,0,0,0.0,0.0,6,1,0,25,1,1.93,0.0,1
3,Hull City,Lewie Coyle,64,6.7,0,0,0,0,0,0.0,0.0072913,0,0,0,0,0,0,0.0,0,Lewie Coyle,280,63,0,0,0.0,0.01,6,1,0,19,0,1.93,0.0,1
3,Hull City,Lucas Gourna-Douath,82,6.9,0,0,0,0,2,0.0,0.00961916,0,0,1,2,1,0,0.0,0,Lucas Gourna-Douath,589,81,0,0,0.0,0.01,2,1,10,7,0,1.93,0.0,1
3,Hull City,Lucas Herrington,19,6.7,0,0,0,0,0,0.0,0.00043473,0,0,1,0,0,0,0.0,0,Lucas Herrington,585,19,0,0,0.0,0.0,1,0,2,2,0,1.93,0.0,0
3,Hull City,Mohamed Ali Cho,8,6.4,1,1,0,0,0,0.0501,0.0,0,0,0,0,0,0,0.0,0,Mohamed Ali Cho,617,8,0,0,0.05,0.0,1,0,0,5,0,1.93,0.0278,0
3,Hull City,Mohamed Belloumi,82,7.0,1,2,0,0,1,0.0295,0.0120132,0,0,3,6,1,0,0.0,0,Mohamed Belloumi,286,81,0,0,0.03,0.01,5,1,12,15,0,1.93,0.0364,1
3,Hull City,Nobel Mendy,71,7.0,1,2,0,0,0,0.0258,0.00173339,0,0,3,2,4,0,0.0,0,Nobel Mendy,586,70,0,0,0.03,0.0,8,1,10,22,0,1.93,0.0441,1
3,Hull City,Oli McBurnie,90,7.1,0,3,0,1,1,0.3823,0.0504863,0,0,2,0,1,0,0.0,0,Oli McBurnie,295,90,0,0,0.38,0.05,2,1,3,2,0,1.93,0.0,1
3,Hull City,Regan Slater,90,6.9,1,2,0,0,1,0.0403,0.0148087,0,0,1,2,1,0,0.0,0,Regan Slater,290,90,0,0,0.04,0.01,3,1,6,10,0,1.93,0.0596,1
3,Hull City,Ryan Giles,90,7.3,0,0,1,0,2,0.0,0.0413584,0,0,1,1,2,0,0.0,0,Ryan Giles,282,90,0,0,0.0,0.04,8,1,4,30,0,1.93,0.0,1
3,Hull City,Semi Ajayi,90,6.8,0,0,0,0,0,0.0,0.00401008,0,0,1,1,4,0,0.0,0,Semi Ajayi,279,90,0,0,0.0,0.0,5,1,6,17,0,1.93,0.0,1
3,Hull City,Sorba Thomas,27,6.7,0,0,0,0,1,0.0,0.0444746,0,0,0,0,0,0,0.0,0,Sorba Thomas,642,27,0,0,0.0,0.04,1,0,1,5,0,1.93,0.0,0
3,Ipswich Town,Abdoul Ouattara,12,6.7,0,0,0,0,1,0.0,0.0170173,0,0,0,0,0,0,0.0,0,Abdoul Ouattara,592,12,0,0,0.0,0.02,1,0,0,4,0,0.69,0.0,0
3,Ipswich Town,Abdul Fatawu Issahaku,79,7.1,0,2,0,0,2,0.0306,0.150368,0,0,2,1,1,0,0.0,0,Abdul Fatawu Issahaku,315,78,0,0,0.03,0.15,2,0,6,14,0,0.69,0.0,1
3,Ipswich Town,Daizen Maeda,66,5.9,1,1,0,0,0,0.0423,0.00085843,0,0,2,0,2,0,0.0,0,Daizen Maeda,562,65,0,0,0.04,0.0,2,0,5,9,0,0.69,0.0747,1
3,Ipswich Town,Dara O'Shea,90,6.1,0,0,0,0,0,0.0,0.00652783,0,0,3,1,7,0,0.0,0,Dara O'Shea,304,90,0,0,0.0,0.01,3,0,11,5,0,0.69,0.0,1
3,Ipswich Town,Emersonn,66,6.7,0,1,0,0,0,0.2156,0.00017918,0,0,1,0,1,0,0.0,0,Emersonn,316,65,0,0,0.22,0.0,2,0,3,8,0,0.69,0.0,1
3,Ipswich Town,Exequiel Palacios,78,7.6,0,0,0,0,2,0.0,0.0236846,0,0,4,2,0,0,0.0,0,Exequiel Palacios,619,77,0,0,0.0,0.02,4,0,19,24,0,0.69,0.0,1
3,Ipswich Town,Issa Diop,90,6.8,0,0,0,0,1,0.0,0.00751002,0,0,2,1,8,0,0.0,0,Issa Diop,259,90,0,0,0.0,0.01,3,0,11,10,0,0.69,0.0,1
3,Ipswich Town,Jack Clarke,24,6.5,0,1,0,0,1,0.0475,0.0159481,0,0,0,1,0,0,0.0,0,Jack Clarke,313,24,0,0,0.05,0.02,1,0,2,3,0,0.69,0.0,0
3,Ipswich Town,Jacob Greaves,90,6.5,0,0,0,0,1,0.0,0.0391455,0,0,1,0,6,0,0.0,0,Jacob Greaves,306,90,0,0,0.0,0.04,1,0,7,6,0,0.69,0.0,1
3,Ipswich Town,Julio Enciso,90,6.4,2,6,0,0,2,0.2372,0.018761,0,0,0,2,0,0,0.0,0,Julio Enciso,591,90,0,0,0.24,0.02,1,0,5,16,0,0.69,0.5495,1
3,Ipswich Town,Kasey McAteer,11,6.5,1,1,0,0,0,0.0471,0.00260139,0,0,0,0,0,0,0.0,0,Kasey McAteer,323,11,0,0,0.05,0.0,1,0,1,5,0,0.69,0.1289,0
3,Ipswich Town,Kjell Scherpen,90,7.3,0,0,0,0,0,0.0,0.00159402,0,0,0,0,0,5,-0.0564,0,Kjell Scherpen,564,90,0,0,0.0,0.0,2,0,0,13,5,0.69,0.0,1
3,Ipswich Town,Leif Davis,90,6.6,0,1,0,0,2,0.114,0.118426,0,0,2,0,3,0,0.0,0,Leif Davis,305,90,0,0,0.11,0.12,1,0,6,4,0,0.69,0.0,1
3,Ipswich Town,Saša Lukić,90,6.5,0,0,0,0,1,0.0,0.0196867,0,0,1,1,0,0,0.0,0,Saša Lukić,267,90,0,0,0.0,0.02,2,0,4,13,0,0.69,0.0,1
3,Ipswich Town,Zian Flemming,24,6.5,1,1,0,0,0,0.019,0.00745268,0,0,0,0,0,0,0.0,0,Zian Flemming,640,24,0,0,0.02,0.01,1,0,0,4,0,0.69,0.0098,0
3,Leeds,Anton Stach,90,6.6,1,1,0,1,1,0.3241,0.0968141,0,0,2,0,1,0,0.0,0,Anton Stach,335,90,0,0,0.32,0.1,2,0,6,7,0,2.19,0.3841,1
3,Leeds,Ao Tanaka,73,7.0,0,2,1,1,1,0.5287,0.00641655,0,1,2,0,3,0,0.0,0,Ao Tanaka,345,72,0,1,0.53,0.01,5,0,8,18,0,2.19,0.0,1
3,Leeds,Brenden Aaronson,28,6.3,0,0,0,0,0,0.0,1.518e-05,0,0,0,0,0,0,0.0,0,Brenden Aaronson,337,28,0,0,0.0,0.0,1,0,0,5,0,2.19,0.0,0
3,Leeds,Dominic Calvert-Lewin,73,7.2,2,2,0,2,1,0.5559,0.0606328,0,0,0,0,1,0,0.0,0,Dominic Calvert-Lewin,346,72,0,0,0.56,0.06,1,0,3,0,0,2.19,0.2604,1
3,Leeds,Ethan Ampadu,90,6.6,0,0,0,0,0,0.0,0.0096293,0,0,4,2,2,0,0.0,0,Ethan Ampadu,338,90,0,0,0.0,0.01,2,0,11,13,0,2.19,0.0,1
3,Leeds,Gabriel Gudmundsson,90,6.8,0,0,0,0,0,0.0,0.00164878,0,0,3,0,2,0,0.0,0,Gabriel Gudmundsson,331,90,0,0,0.0,0.0,2,0,5,9,0,2.19,0.0,1
3,Leeds,Harry Wilson,17,6.2,0,0,0,0,2,0.0,0.00311927,0,0,0,0,0,0,0.0,0,Harry Wilson,260,17,0,0,0.0,0.0,0,0,1,0,0,2.19,0.0,0
3,Leeds,Jaka Bijol,29,6.6,0,0,0,0,0,0.0,3.42e-06,0,0,2,0,2,0,0.0,0,Jaka Bijol,327,29,0,0,0.0,0.0,1,0,4,1,0,2.19,0.0,0
3,Leeds,James Justin,90,6.6,1,2,0,0,0,0.1387,0.00232367,0,0,3,2,5,0,0.0,0,James Justin,332,90,0,0,0.14,0.0,4,0,10,9,0,2.19,0.262,1
3,Leeds,James Trafford,90,6.7,0,0,0,0,0,0.0,0.00174108,0,0,0,0,2,4,-0.3189,0,James Trafford,385,90,0,0,0.0,0.0,3,0,0,18,4,2.19,0.0,1
3,Leeds,Jayden Bogle,61,6.9,1,1,0,0,0,0.9023,0.0218051,1,0,0,1,1,0,0.0,0,Jayden Bogle,330,60,1,0,0.9,0.02,14,1,2,30,0,2.19,0.9953,1
3,Leeds,Lukas Nmecha,17,6.5,0,2,0,0,0,0.1664,0.13694,0,0,0,0,0,0,0.0,0,Lukas Nmecha,347,17,0,0,0.17,0.14,1,0,0,2,0,2.19,0.0,0
3,Leeds,Nico Elvedi,90,7.0,0,0,2,0,2,0.0,0.567193,0,0,0,1,7,0,0.0,0,Nico Elvedi,598,90,0,0,0.0,0.57,4,0,10,12,0,2.19,0.0,1
3,Leeds,Noah Okafor,62,6.7,0,0,0,0,0,0.0,0.0134946,0,0,0,0,0,0,0.0,0,Noah Okafor,336,61,0,0,0.0,0.01,3,1,0,9,0,2.19,0.0,1
3,Leeds,Tarik Muharemović,90,6.9,0,0,0,0,0,0.0,0.00658016,0,0,1,2,9,0,0.0,0,Tarik Muharemović,334,90,0,0,0.0,0.01,4,0,13,10,0,2.19,0.0,1
3,Liverpool,Alexander Isak,64,8.7,2,2,0,0,0,0.2098,0.0503611,2,0,0,0,1,0,0.0,0,Alexander Isak,379,63,2,0,0.21,0.05,13,1,3,61,0,0.75,0.3099,1
3,Liverpool,Alexis Mac Allister,84,6.8,1,2,0,0,1,0.0795,0.0245703,0,0,3,1,1,0,0.0,0,Alexis Mac Allister,372,83,0,0,0.08,0.02,2,1,11,14,0,0.75,0.0387,1
3,Liverpool,Alisson,90,8.5,0,0,0,0,0,0.0,0.00466003,0,0,0,0,2,5,0.7629,0,Alisson,350,90,0,0,0.0,0.0,8,1,0,35,5,0.75,0.0,1
3,Liverpool,Bradley Barcola,26,6.6,0,0,0,0,1,0.0,0.0684388,0,0,0,0,0,0,0.0,0,Bradley Barcola,627,26,0,0,0.0,0.07,1,0,0,5,0,0.75,0.0,0
3,Liverpool,Cody Gakpo,90,7.8,0,1,0,0,3,0.0636,0.398057,0,2,3,1,1,0,0.0,0,Cody Gakpo,367,90,0,2,0.06,0.4,11,1,10,43,0,0.75,0.0,1
3,Liverpool,Dominik Szoboszlai,90,7.5,3,3,0,0,2,0.1554,0.0758785,0,0,0,1,1,0,0.0,0,Dominik Szoboszlai,368,90,0,0,0.16,0.08,3,1,9,20,0,0.75,1.2621,1
3,Liverpool,Florian Wirtz,89,5.9,1,2,0,0,2,0.1779,0.0507521,0,0,0,0,0,0,0.0,0,Florian Wirtz,366,90,0,0,0.18,0.05,3,1,4,14,0,0.75,0.3329,1
3,Liverpool,Jérémy Jacquet,90,7.8,0,0,0,0,1,0.0,0.0320458,0,0,3,1,4,0,0.0,0,Jérémy Jacquet,362,90,0,0,0.0,0.03,5,1,9,28,0,0.75,0.0,1
3,Liverpool,Lewis Koumas,1,0.0,0,0,0,0,0,0.0,0.0,0,0,0,0,0,0,0.0,0,Lewis Koumas,381,1,0,0,0.0,0.0,1,0,0,3,0,0.75,0.0,0
3,Liverpool,Miloš Kerkez,90,6.8,0,0,0,0,0,0.0,0.0261583,0,0,2,0,3,0,0.0,0,Miloš Kerkez,358,90,0,0,0.0,0.03,5,1,5,23,0,0.75,0.0,1
3,Liverpool,Ronald Araújo,90,7.4,0,0,0,0,0,0.0,0.00599627,0,0,1,0,9,0,0.0,0,Ronald Araújo,579,90,0,0,0.0,0.01,8,1,10,27,0,0.75,0.0,1
3,Liverpool,Ryan Gravenberch,26,6.6,0,0,0,0,0,0.0,0.00164115,0,0,0,0,1,0,0.0,0,Ryan Gravenberch,371,26,0,0,0.0,0.0,1,0,2,2,0,0.75,0.0,0
3,Liverpool,Trey Nyoni,12,6.6,0,0,0,0,0,0.0,0.00109587,0,0,0,0,0,0,0.0,0,Trey Nyoni,375,6,0,0,0.0,0.0,1,0,0,3,0,0.75,0.0,0
3,Liverpool,Virgil van Dijk,90,8.0,0,0,0,0,0,0.0,0.0233588,0,0,3,1,3,0,0.0,0,Virgil van Dijk,356,90,0,0,0.0,0.02,6,1,7,32,0,0.75,0.0,1
3,Liverpool,Víctor Muñoz,64,6.3,0,0,0,0,0,0.0,0.0209454,0,0,0,0,0,0,0.0,0,Víctor Muñoz,377,63,0,0,0.0,0.02,3,1,4,9,0,0.75,0.0,1
3,Man City,Abdukodir Khusanov,90,7.0,0,0,0,0,0,0.0,0.0162459,0,0,2,1,3,0,0.0,0,Abdukodir Khusanov,393,90,0,0,0.0,0.02,5,1,6,22,0,1.37,0.0,1
3,Man City,Antoine Semenyo,90,6.9,0,2,1,0,3,0.0542,0.344214,0,1,1,0,0,0,0.0,0,Antoine Semenyo,397,90,0,1,0.05,0.34,6,1,4,26,0,1.37,0.0,1
3,Man City,Ayyoub Bouaddi,14,6.7,0,0,0,0,0,0.0,0.00140991,0,0,0,0,0,0,0.0,0,Ayyoub Bouaddi,616,14,0,0,0.0,0.0,1,0,5,5,0,1.37,0.0,0
3,Man City,Elliot Anderson,90,8.5,0,1,0,0,1,0.0219,0.170111,0,0,1,2,2,0,0.0,0,Elliot Anderson,481,90,0,0,0.02,0.17,3,1,11,23,0,1.37,0.0,1
3,Man City,Enzo Fernández,76,7.3,0,2,0,0,1,0.1263,0.119818,0,0,1,0,1,0,0.0,0,Enzo Fernández,155,75,0,0,0.13,0.12,3,1,3,17,0,1.37,0.0,1
3,Man City,Erling Haaland,90,8.6,3,4,1,1,1,1.0642,0.475926,1,0,0,0,5,0,0.0,0,Erling Haaland,411,90,1,0,1.06,0.48,9,1,7,40,0,1.37,1.4113,1
3,Man City,Gianluigi Donnarumma,90,8.8,0,0,0,0,0,0.0,0.00103916,0,0,0,0,1,3,1.7595,0,Gianluigi Donnarumma,384,90,0,0,0.0,0.0,7,1,0,29,3,1.37,0.0,1
3,Man City,Iliman Ndiaye,87,6.5,0,1,0,0,1,0.0218,0.0384818,0,0,2,0,1,0,0.0,0,Iliman Ndiaye,237,86,0,0,0.02,0.04,3,1,5,12,0,1.37,0.0,1
3,Man City,Joško Gvardiol,90,7.3,0,1,0,0,0,0.0106,0.0241936,0,0,4,1,2,0,0.0,0,Joško Gvardiol,391,90,0,0,0.01,0.02,8,1,8,31,0,1.37,0.0,1
3,Man City,Marc Guéhi,90,7.5,0,0,0,0,0,0.0,0.0246519,0,0,0,1,8,0,0.0,0,Marc Guéhi,388,90,0,0,0.0,0.02,8,1,9,31,0,1.37,0.0,1
3,Man City,Phil Foden,24,6.3,1,1,0,1,1,0.6151,0.0133092,0,0,0,0,0,0,0.0,0,Phil Foden,398,24,0,0,0.62,0.01,1,0,1,3,0,1.37,0.0,0
3,Man City,Rayan Cherki,66,7.1,0,3,1,0,3,0.21,0.301975,0,0,0,0,0,0,0.0,0,Rayan Cherki,399,65,0,0,0.21,0.3,3,1,3,23,0,1.37,0.0,1
3,Man City,Ryan McAidoo,9,6.9,0,0,0,0,0,0.0,4.925e-05,0,0,2,0,0,0,0.0,0,Ryan McAidoo,621,3,0,0,0.0,0.0,1,0,4,5,0,1.37,0.0,0
3,Man City,Rúben Dias,90,7.9,0,0,0,0,0,0.0,0.0271237,0,0,0,0,3,0,0.0,0,Rúben Dias,390,90,0,0,0.0,0.03,6,1,3,25,0,1.37,0.0,1
3,Man Utd,Andrey Santos,13,6.6,0,0,0,0,0,0.0,0.00565483,0,0,0,0,4,0,0.0,0,Andrey Santos,162,6,0,0,0.0,0.01,1,0,4,4,0,1.01,0.0,0
3,Man Utd,Benjamin Šeško,20,7.1,1,2,0,0,0,0.287,0.00099589,1,0,0,0,0,0,0.0,0,Benjamin Šeško,439,20,1,0,0.29,0.0,5,0,0,28,0,1.01,0.3042,0
3,Man Utd,Bruno Fernandes,90,6.2,0,4,0,0,2,0.1542,0.0615088,0,0,0,0,0,0,0.0,0,Bruno Fernandes,426,90,0,0,0.15,0.06,2,0,2,11,0,1.01,0.0,1
3,Man Utd,Bryan Mbeumo,90,6.9,1,2,0,0,1,0.0502,0.0346368,1,0,0,3,1,0,0.0,0,Bryan Mbeumo,427,90,1,0,0.05,0.03,8,0,8,29,0,1.01,0.5797,1
3,Man Utd,Diogo Dalot,84,6.0,0,1,0,0,2,0.0101,0.0149443,0,0,2,1,1,0,0.0,0,Diogo Dalot,417,83,0,0,0.01,0.01,1,0,4,8,0,1.01,0.0,1
3,Man Utd,Harry Maguire,90,6.5,0,0,0,0,0,0.0,0.00636531,0,0,0,1,10,0,0.0,0,Harry Maguire,418,90,0,0,0.0,0.01,2,0,12,1,0,1.01,0.0,1
3,Man Utd,Kobbie Mainoo,84,7.6,0,0,0,0,2,0.0,0.072021,0,1,2,1,2,0,0.0,0,Kobbie Mainoo,432,83,0,1,0.0,0.07,9,0,15,32,0,1.01,0.0,1
3,Man Utd,Leny Yoro,13,6.4,0,0,0,0,0,0.0,0.0144447,0,0,2,0,1,0,0.0,0,Leny Yoro,420,6,0,0,0.0,0.01,1,0,3,1,0,1.01,0.0,0
3,Man Utd,Lisandro Martínez,90,6.8,0,0,0,0,0,0.0,0.00208565,0,0,0,1,7,0,0.0,0,Lisandro Martínez,419,90,0,0,0.0,0.0,3,0,10,7,0,1.01,0.0,1
3,Man Utd,Luke Shaw,89,7.3,0,1,1,0,1,0.0211,0.225895,0,1,1,1,3,0,0.0,0,Luke Shaw,423,90,0,1,0.02,0.23,4,0,8,22,0,1.01,0.0,1
3,Man Utd,Marcus Rashford,70,7.0,0,0,0,0,1,0.0,0.0634402,0,0,0,0,0,0,0.0,0,Marcus Rashford,429,69,0,0,0.0,0.06,3,1,4,11,0,1.01,0.0,1
3,Man Utd,Matheus Cunha,70,6.3,0,2,0,0,0,0.1178,0.0539739,0,0,2,0,0,0,0.0,0,Matheus Cunha,428,69,0,0,0.12,0.05,3,1,3,10,0,1.01,0.0,1
3,Man Utd,Noussair Mazraoui,1,0.0,0,0,0,0,0,0.0,0.0135425,0,0,1,0,0,0,0.0,0,Noussair Mazraoui,422,1,0,0,0.0,0.01,1,0,1,-1,0,1.01,0.0,0
3,Man Utd,Patrick Dorgu,20,6.0,0,0,0,0,0,0.0,0.00657854,0,0,1,0,1,0,0.0,0,Patrick Dorgu,415,20,0,0,0.0,0.01,1,0,3,3,0,1.01,0.0,0
3,Man Utd,Senne Lammens,90,6.1,0,0,0,0,0,0.0,0.00035173,0,0,0,0,1,4,-0.9145,0,Senne Lammens,412,90,0,0,0.0,0.0,2,0,0,13,4,1.01,0.0,1
3,Man Utd,Youri Tielemans,90,6.7,1,2,0,0,1,0.0473,0.0612534,0,0,0,1,0,0,0.0,0,Youri Tielemans,43,90,0,0,0.05,0.06,2,0,7,17,0,1.01,0.0492,1
3,Newcastle,Amar Dedić,90,6.1,0,2,0,0,0,0.1106,0.0225799,0,0,0,1,0,0,0.0,0,Amar Dedić,593,90,0,0,0.11,0.02,1,0,1,3,0,1.37,0.0,1
3,Newcastle,Anthony Elanga,77,6.7,0,0,1,0,3,0.0,0.233959,0,0,2,0,1,0,0.0,0,Anthony Elanga,454,76,0,0,0.0,0.23,1,0,4,8,0,1.37,0.0,1
3,Newcastle,Harvey Barnes,90,7.6,1,2,0,0,0,0.112,0.0349602,1,0,0,2,0,0,0.0,0,Harvey Barnes,453,90,1,1,0.11,0.03,12,0,6,37,0,1.37,0.8345,1
3,Newcastle,Jacob Murphy,13,6.7,0,0,0,0,0,0.0,0.00141201,0,0,0,0,0,0,0.0,0,Jacob Murphy,457,13,0,0,0.0,0.0,1,0,1,5,0,1.37,0.0,0
3,Newcastle,Jacob Ramsey,27,7.2,1,1,0,0,0,0.1104,0.018116,1,0,0,0,0,0,0.0,0,Jacob Ramsey,456,27,1,0,0.11,0.02,6,0,4,22,0,1.37,0.8404,0
3,Newcastle,Joe Willock,63,6.4,0,2,0,1,0,0.3623,0.00768748,0,0,1,0,0,0,0.0,0,Joe Willock,460,62,0,0,0.36,0.01,2,0,3,6,0,1.37,0.0,1
3,Newcastle,Lewis Hall,89,6.7,0,1,0,0,1,0.0122,0.012267,0,1,1,2,3,0,0.0,0,Lewis Hall,449,89,0,1,0.01,0.01,4,0,6,20,0,1.37,0.0,1
3,Newcastle,Lewis Miley,63,6.2,0,0,0,0,0,0.0,0.0188413,0,0,0,0,1,0,0.0,0,Lewis Miley,459,62,0,0,0.0,0.02,2,0,4,11,0,1.37,0.0,1
3,Newcastle,Lukáš Horníček,90,7.8,0,0,0,0,0,0.0,0.00072094,0,0,0,0,0,4,-0.00039999999999996,0,Lukáš Horníček,567,90,0,0,0.0,0.0,2,0,0,12,4,1.37,0.0,1
3,Newcastle,Malick Thiaw,90,5.9,0,0,0,0,1,0.0,0.0475131,0,0,0,0,3,0,0.0,0,Malick Thiaw,445,90,0,0,0.0,0.05,-1,0,3,0,0,1.37,0.0,1
3,Newcastle,Matías Fernández-Pardo,27,6.4,0,0,0,0,0,0.0,0.00114764,0,0,0,0,0,0,0.0,0,Matías Fernández-Pardo,634,27,0,0,0.0,0.0,1,0,1,4,0,1.37,0.0,0
3,Newcastle,Nico González,77,6.4,0,0,0,0,1,0.0,0.0125673,0,0,0,0,0,0,0.0,0,Nico González,405,76,0,0,0.0,0.01,2,0,7,11,0,1.37,0.0,1
3,Newcastle,Sean Steur,13,6.7,0,0,0,0,0,0.0,0.00330759,0,0,0,0,1,0,0.0,0,Sean Steur,462,13,0,0,0.0,0.0,1,0,2,3,0,1.37,0.0,0
3,Newcastle,Sven Botman,90,6.6,0,0,0,0,0,0.0,0.162169,0,0,1,1,4,0,0.0,0,Sven Botman,447,90,0,0,0.0,0.16,1,0,9,3,0,1.37,0.0,1
3,Newcastle,Tino Livramento,1,0.0,0,0,0,0,0,0.0,0.0007912,0,0,0,0,0,0,0.0,0,Tino Livramento,450,1,0,0,0.0,0.0,1,0,0,3,0,1.37,0.0,0
3,Newcastle,Yoane Wissa,90,6.8,0,0,0,0,0,0.0,0.0313113,0,0,0,0,0,0,0.0,0,Yoane Wissa,464,90,0,0,0.0,0.03,1,0,3,7,0,1.37,0.0,1
3,Nott'm Forest,Chris Wood,16,6.6,0,0,0,0,0,0.0,0.00256711,0,0,0,0,0,0,0.0,0,Chris Wood,490,16,0,0,0.0,0.0,1,0,0,3,0,1.06,0.0,0
3,Nott'm Forest,Dan Ndoye,59,6.3,0,0,0,0,0,0.0,0.00111952,0,0,1,0,0,0,0.0,0,Dan Ndoye,483,58,0,0,0.0,0.0,1,0,5,5,0,1.06,0.0,1
3,Nott'm Forest,Daniel Muñoz,31,6.7,0,0,0,0,0,0.0,0.00259475,0,0,1,0,0,0,0.0,0,Daniel Muñoz,201,31,0,0,0.03,0.0,1,0,1,5,0,1.06,0.0,0
3,Nott'm Forest,Igor Jesus,31,6.6,0,0,0,0,0,0.0,0.00171703,0,0,1,0,0,0,0.0,0,Igor Jesus,491,31,0,0,0.0,0.0,1,0,1,3,0,1.06,0.0,0
3,Nott'm Forest,Jair,90,7.4,0,1,0,0,0,0.0254,0.00859411,0,0,2,2,8,0,0.0,0,Jair,474,90,0,0,0.03,0.01,8,1,12,24,0,1.06,0.0,1
3,Nott'm Forest,James McAtee,90,7.1,1,3,1,0,5,0.1258,0.223583,0,0,3,0,0,0,0.0,0,James McAtee,486,90,0,0,0.13,0.22,2,1,7,22,0,1.06,0.0149,1
3,Nott'm Forest,Liam Delap,74,6.6,0,1,0,0,2,0.0627,0.0583182,0,0,0,0,2,0,0.0,0,Liam Delap,167,73,0,0,0.06,0.06,2,1,5,6,0,1.06,0.0,1
3,Nott'm Forest,Matz Sels,90,6.3,0,0,0,0,0,0.0,0.00185782,0,0,0,0,1,0,0.0,0,Matz Sels,467,90,0,0,0.0,0.0,6,1,0,21,0,1.06,0.0,1
3,Nott'm Forest,Morgan Gibbs-White,90,6.6,1,4,0,1,0,0.5092,0.012874,0,0,2,0,0,0,0.0,0,Morgan Gibbs-White,480,90,0,0,0.48,0.01,3,1,7,3,0,1.06,0.0,1
3,Nott'm Forest,Murillo,89,6.9,0,2,0,0,0,0.1726,0.00471715,0,0,4,1,4,0,0.0,0,Murillo,472,89,0,0,0.17,0.0,8,1,10,25,0,1.06,0.0,1
3,Nott'm Forest,Neco Williams,90,6.7,0,0,0,0,1,0.0,0.0689611,0,0,3,0,3,0,0.0,0,Neco Williams,469,90,0,0,0.0,0.07,7,1,6,28,0,1.06,0.0,1
3,Nott'm Forest,Nikola Milenković,90,7.3,0,0,0,0,0,0.0,0.006933,0,0,2,0,6,0,0.0,0,Nikola Milenković,471,90,0,0,0.0,0.01,7,1,11,27,0,1.06,0.0,1
3,Nott'm Forest,Ola Aina,59,6.6,0,0,0,0,0,0.0,0.00234044,0,0,5,1,1,0,0.0,0,Ola Aina,473,58,0,0,0.0,0.0,1,0,7,8,0,1.06,0.0,1
3,Nott'm Forest,Ousmane Diomande,1,0.0,0,0,0,0,0,0.0,0.0,0,0,0,0,0,0,0.0,0,Ousmane Diomande,581,1,0,0,0.0,0.0,1,0,0,3,0,1.06,0.0,0
3,Nott'm Forest,Xaver Schlager,90,7.1,0,1,0,0,0,0.0266,0.0628194,0,0,4,2,1,0,0.0,0,Xaver Schlager,558,90,0,0,0.03,0.06,3,1,10,18,0,1.06,0.0,1
3,Spurs,Andy Robertson,29,6.8,0,0,0,0,0,0.0,0.00108238,0,0,0,0,0,0,0.0,0,Andy Robertson,502,29,0,0,0.0,0.0,1,0,1,3,0,0.92,0.0,0
3,Spurs,Antonín Kinský,90,6.8,0,0,0,0,1,0.0,0.00047468,0,0,0,0,2,1,0.0149,0,Antonín Kinský,496,90,0,0,0.0,0.0,6,1,0,24,1,0.92,0.0,1
3,Spurs,Conor Gallagher,83,7.4,0,0,0,0,0,0.0,0.0591021,0,0,4,1,0,0,0.0,0,Conor Gallagher,519,83,0,0,0.0,0.06,3,1,11,23,0,0.92,0.0,1
3,Spurs,Destiny Udogie,61,6.8,0,0,0,0,0,0.0,0.0193931,0,0,0,1,2,0,0.0,0,Destiny Udogie,506,60,0,0,0.0,0.02,5,1,3,16,0,0.92,0.0,1
3,Spurs,Dominic Solanke,12,6.3,0,1,0,1,0,0.1723,0.00205049,0,0,0,0,1,0,0.0,0,Dominic Solanke,526,6,0,0,0.17,0.0,1,0,1,-1,0,0.92,0.0,0
3,Spurs,Jan Paul van Hecke,90,7.4,0,2,0,0,1,0.0919,0.0115595,0,0,1,0,2,0,0.0,0,Jan Paul van Hecke,112,90,0,0,0.09,0.01,8,1,4,29,0,0.92,0.0,1
3,Spurs,Mateus Fernandes,13,6.5,0,0,0,0,0,0.0,0.0043866,0,0,0,0,0,0,0.0,0,Mateus Fernandes,525,7,0,0,0.0,0.0,0,0,0,-1,0,0.92,0.0,0
3,Spurs,Mathys Tel,74,6.0,0,0,0,0,1,0.0,0.0453386,0,0,0,0,0,0,0.0,0,Mathys Tel,514,73,0,0,0.0,0.05,3,1,2,11,0,0.92,0.0,1
3,Spurs,Micky van de Ven,90,7.4,0,2,0,1,0,0.572,0.00486084,0,0,3,0,6,0,0.0,0,Micky van de Ven,503,90,0,0,0.57,0.0,9,1,9,30,0,0.92,0.0,1
3,Spurs,Mohammed Kudus,29,7.0,0,0,1,0,1,0.0,0.157351,0,0,0,0,0,0,0.0,0,Mohammed Kudus,512,29,0,0,0.0,0.16,1,0,3,13,0,0.92,0.0,0
3,Spurs,Mykhailo Mudryk,16,6.7,0,0,0,0,0,0.0,0.00010108,0,0,0,0,0,0,0.0,0,Mykhailo Mudryk,578,16,0,0,0.0,0.0,1,0,0,3,0,0.92,0.0,0
3,Spurs,Omar Marmoush,84,6.8,0,2,0,0,0,0.1658,0.00663858,0,0,0,0,0,0,0.0,0,Omar Marmoush,401,83,0,0,0.17,0.01,2,1,0,6,0,0.92,0.0,1
3,Spurs,Pedro Porro,90,6.6,0,2,0,0,2,0.0271,0.0649962,0,0,1,1,2,0,0.0,0,Pedro Porro,499,90,0,0,0.03,0.06,7,1,4,28,0,0.92,0.0,1
3,Spurs,Rodrigo Bentancur,90,6.8,0,1,0,0,0,0.016,0.0136049,0,0,1,2,9,0,0.0,0,Rodrigo Bentancur,516,90,0,0,0.02,0.01,5,1,17,14,0,0.92,0.0,1
3,Spurs,Sandro Tonali,90,7.6,0,0,0,0,0,0.0,0.00564798,0,0,4,1,1,0,0.0,0,Sandro Tonali,455,90,0,0,0.0,0.01,5,1,12,22,0,0.92,0.0,1
3,Spurs,Sávio,61,7.4,0,1,1,0,1,0.019,0.2698,0,0,0,0,0,0,0.0,0,Sávio,403,60,0,0,0.02,0.27,3,1,0,15,0,0.92,0.0,1
3,Sunderland,Brian Brobbey,90,6.3,0,3,1,0,3,0.2617,0.0610876,0,0,0,0,0,0,0.0,0,Brian Brobbey,552,90,0,0,0.26,0.06,2,0,3,11,0,1.21,0.0,1
3,Sunderland,Daniel Ballard,90,7.4,0,1,0,0,1,0.0572,0.14033,0,0,2,0,7,0,0.0,0,Daniel Ballard,532,90,0,0,0.06,0.14,4,0,10,12,0,1.21,0.0,1
3,Sunderland,Enzo Le Fée,90,7.5,1,3,0,0,0,0.8418,0.0254809,1,0,4,0,0,0,0.0,0,Enzo Le Fée,542,90,1,0,0.84,0.03,8,0,6,25,0,1.21,0.6737,1
3,Sunderland,Granit Xhaka,90,7.1,0,1,0,0,1,0.0594,0.119142,0,0,2,2,1,0,0.0,0,Granit Xhaka,544,90,0,0,0.06,0.12,3,0,15,12,0,1.21,0.0,1
3,Sunderland,Kevin Danso,90,7.3,0,0,0,0,1,0.0,0.0758964,0,0,1,0,7,0,0.0,0,Kevin Danso,501,90,0,0,0.0,0.08,2,0,8,9,0,1.21,0.0,1
3,Sunderland,Malick Fofana,16,6.7,0,0,0,0,0,0.0,0.00262331,0,0,0,0,0,0,0.0,0,Malick Fofana,646,16,0,0,0.0,0.0,1,0,0,3,0,1.21,0.0,0
3,Sunderland,Nilson Angulo,64,6.9,0,0,0,0,0,0.0,0.074415,0,0,1,0,0,0,0.0,0,Nilson Angulo,551,63,0,0,0.0,0.07,2,0,5,11,0,1.21,0.0,1
3,Sunderland,Noah Sadiki,74,6.7,2,3,1,1,1,0.2784,0.183818,0,0,0,0,0,0,0.0,0,Noah Sadiki,545,73,0,0,0.28,0.18,1,0,3,16,0,1.21,0.1921,1
3,Sunderland,Nordi Mukiele,90,6.9,0,0,0,0,0,0.0,0.0162014,0,0,4,0,9,0,0.0,0,Nordi Mukiele,533,90,0,0,0.0,0.02,4,0,14,16,0,1.21,0.0,1
3,Sunderland,Reinildo Mandava,90,6.8,0,0,0,0,0,0.0,0.010172,0,0,3,2,2,0,0.0,0,Reinildo Mandava,536,90,0,0,0.0,0.01,2,0,7,14,0,1.21,0.0,1
3,Sunderland,Robin Roefs,90,7.4,0,0,0,0,0,0.0,0.0011241,0,0,0,0,1,1,0.0749,0,Robin Roefs,529,90,0,0,0.0,0.0,2,0,0,11,1,1.21,0.0,1
3,Sunderland,Thomas Meunier,64,6.0,1,1,0,1,0,0.1083,0.00060888,0,0,0,1,1,0,0.0,0,Thomas Meunier,541,63,0,0,0.11,0.0,2,0,2,0,0,1.21,0.0,1
3,Sunderland,Trai Hume,26,7.3,0,0,0,0,0,0.0,0.00038713,0,0,2,0,0,0,0.0,0,Trai Hume,534,26,0,0,0.0,0.0,1,0,2,8,0,1.21,0.0,0
3,Sunderland,Wilson Isidor,26,6.9,1,2,0,0,0,0.1034,0.00670699,0,0,0,0,0,0,0.0,1,Wilson Isidor,553,26,0,1,0.1,0.01,4,0,2,15,0,1.21,0.0274,0
4,Arsenal,Ben White,45,6.8,0,0,0,0,0,0.0,0.00394048,0,0,2,1,0,0,0.0,0,Ben White,10,45,0,0,0.0,0.0,1,0,3,4,0,1.8,0.0,1
4,Arsenal,Bruno Guimarães,45,7.9,1,2,0,0,0,0.092,0.136404,1,0,1,1,0,0,0.0,0,Bruno Guimarães,452,45,1,0,0.09,0.14,7,0,3,29,0,1.8,0.3024,0
4,Arsenal,Bukayo Saka,90,8.1,3,4,0,1,1,1.3751,0.0841973,1,0,1,0,2,0,0.0,1,Bukayo Saka,12,90,1,0,1.38,0.08,8,1,7,28,0,1.8,1.22,1
4,Arsenal,Christos Tzolis,81,6.8,0,0,0,0,0,0.0,0.125927,0,0,1,1,0,0,0.0,0,Christos Tzolis,557,80,0,0,0.0,0.13,3,1,3,10,0,1.8,0.0,1
4,Arsenal,David Raya,90,8.9,0,0,0,0,0,0.0,0.0010913,0,0,0,0,2,2,1.6574,0,David Raya,1,90,0,0,0.0,0.0,14,1,0,38,2,1.8,0.0,1
4,Arsenal,Declan Rice,81,7.8,0,0,1,0,3,0.0,0.370101,0,1,2,0,5,0,0.0,0,Declan Rice,13,80,0,1,0.0,0.37,6,1,10,27,0,1.8,0.0,1
4,Arsenal,Eberechi Eze,9,6.5,0,0,0,0,0,0.0,1.372e-05,0,0,0,0,0,0,0.0,0,Eberechi Eze,14,9,0,0,0.0,0.0,1,0,0,3,0,1.8,0.0,0
4,Arsenal,Ezri Konsa,90,7.3,0,0,0,0,0,0.0,0.00080468,0,0,2,2,3,0,0.0,0,Ezri Konsa,31,90,0,0,0.0,0.0,6,1,8,16,0,1.8,0.0,1
4,Arsenal,Gabriel Magalhães,90,8.0,0,1,0,0,0,0.0155,0.00751495,0,0,1,2,6,0,0.0,0,Gabriel Magalhães,4,90,0,0,0.02,0.01,9,1,11,30,0,1.8,0.0,1
4,Arsenal,Jurriën Timber,45,6.7,0,0,0,0,0,0.0,0.00742481,0,0,1,0,2,0,0.0,0,Jurriën Timber,5,45,0,0,0.0,0.01,1,0,3,3,0,1.8,0.0,0
4,Arsenal,Kai Havertz,90,6.2,1,3,0,1,1,0.3385,0.0166331,0,0,0,0,1,0,0.0,0,Kai Havertz,26,90,0,0,0.34,0.02,1,1,2,0,0,1.8,0.3919,1
4,Arsenal,Martin Ødegaard,85,7.5,0,0,1,0,5,0.0,0.251691,0,0,1,1,0,0,0.0,0,Martin Ødegaard,15,84,0,0,0.0,0.25,3,1,5,26,0,1.8,0.0,1
4,Arsenal,Martín Zubimendi,9,6.8,0,0,0,0,0,0.0,0.00038438,0,0,1,0,0,0,0.0,0,Martín Zubimendi,19,9,0,0,0.0,0.0,1,0,2,5,0,1.8,0.0,0
4,Arsenal,Mikel Merino,14,6.4,0,0,0,0,0,0.0,0.00016951,0,0,0,0,0,0,0.0,0,Mikel Merino,17,5,0,0,0.0,0.0,1,0,0,3,0,1.8,0.0,0
4,Arsenal,Myles Lewis-Skelly,45,6.4,0,0,0,0,0,0.0,0.00478842,0,0,0,0,0,0,0.0,0,Myles Lewis-Skelly,7,45,0,0,0.0,0.0,1,0,0,2,0,1.8,0.0,1
4,Arsenal,Riccardo Calafiori,90,6.7,0,1,0,0,0,0.0585,0.00827559,0,0,0,0,3,0,0.0,0,Riccardo Calafiori,8,90,0,0,0.06,0.01,6,1,4,18,0,1.8,0.0,1
4,Aston Villa,Aaron Wan-Bissaka,90,6.9,0,0,0,0,1,0.0,0.0581809,0,0,5,3,4,0,0.0,0,Aaron Wan-Bissaka,611,90,0,0,0.0,0.06,3,0,12,11,0,2.28,0.0,1
4,Aston Villa,Alysson,45,7.4,1,1,0,0,0,0.0643,0.00185942,1,0,0,0,1,0,0.0,0,Alysson,52,45,1,0,0.06,0.0,6,0,2,24,0,2.28,0.2002,0
4,Aston Villa,Boubacar Kamara,90,7.1,0,0,0,0,1,0.0,0.0474159,0,0,3,0,1,0,0.0,0,Boubacar Kamara,47,90,0,0,0.0,0.05,2,0,5,17,0,2.28,0.0,1
4,Aston Villa,Emiliano Buendía,63,6.3,0,0,0,0,0,0.0,0.0125862,0,0,0,0,0,0,0.0,0,Emiliano Buendía,41,62,0,0,0.0,0.01,2,0,5,8,0,2.28,0.0,1
4,Aston Villa,George Hemmings,45,6.4,0,0,0,0,1,0.0,0.0123795,0,0,0,0,1,0,0.0,0,George Hemmings,51,45,0,0,0.0,0.01,1,0,1,3,0,2.28,0.0,1
4,Aston Villa,Ian Maatsen,83,6.5,1,2,0,0,0,0.1784,0.0263462,0,0,1,2,1,0,0.0,0,Ian Maatsen,36,90,0,0,0.18,0.03,1,0,4,7,0,2.28,0.0729,1
4,Aston Villa,Ibrahim Mbaye,27,6.7,1,1,0,0,1,0.0188,0.132843,0,0,1,0,0,0,0.0,0,Ibrahim Mbaye,631,27,0,0,0.02,0.13,1,0,2,6,0,2.28,0.102,0
4,Aston Villa,Johan Manzambi,27,6.5,0,0,0,0,0,0.0,0.0807794,0,0,1,0,0,0,0.0,0,Johan Manzambi,53,27,0,0,0.0,0.08,1,0,2,3,0,2.28,0.0,0
4,Aston Villa,John McGinn,90,7.1,0,0,1,0,2,0.0,0.110977,0,1,1,1,1,0,0.0,0,John McGinn,45,90,0,1,0.0,0.11,6,0,9,30,0,2.28,0.0,1
4,Aston Villa,Nicolas Jackson,45,6.5,0,0,0,0,0,0.0,0.0432821,0,0,0,0,0,0,0.0,0,Nicolas Jackson,166,45,0,0,0.0,0.04,0,0,0,0,0,2.28,0.0,1
4,Aston Villa,Pau Torres,25,6.9,0,0,0,0,0,0.0,0.00101297,0,0,0,0,0,0,0.0,0,Pau Torres,34,24,0,0,0.0,0.0,1,0,0,4,0,2.28,0.0,1
4,Aston Villa,Ross Barkley,63,6.6,1,1,0,0,0,0.0329,0.0112432,0,0,4,0,0,0,0.0,0,Ross Barkley,46,62,0,0,0.03,0.01,2,0,7,14,0,2.28,0.1656,1
4,Aston Villa,Tammy Abraham,45,6.4,0,0,0,0,0,0.0,0.00156835,0,0,0,0,0,0,0.0,0,Tammy Abraham,56,45,0,0,0.0,0.0,1,0,1,4,0,2.28,0.0,0
4,Aston Villa,Tyrone Mings,65,7.3,0,1,0,0,0,0.0876,0.0048512,0,0,1,1,1,0,0.0,0,Tyrone Mings,33,65,0,0,0.09,0.0,0,0,5,0,0,2.28,0.0,0
4,Aston Villa,Victor Lindelöf,90,6.5,1,1,0,1,0,0.4366,0.0101486,0,0,0,0,1,0,0.0,0,Victor Lindelöf,37,90,0,0,0.44,0.01,1,0,2,2,0,2.28,0.7454,1
4,Aston Villa,Zion Suzuki,90,7.3,0,0,0,0,0,0.0,0.00528979,0,0,0,0,2,5,0.3448,0,Zion Suzuki,597,90,0,0,0.0,0.01,2,0,0,17,5,2.28,0.0,1
4,Bournemouth,Adam Smith,90,6.6,0,0,0,0,0,0.0,0.013335,0,0,1,0,5,0,0.0,0,Adam Smith,64,90,0,0,0.0,0.01,0,0,6,-1,0,0.5,0.0,1
4,Bournemouth,Adrien Truffert,90,7.1,2,2,0,0,1,0.0799,0.104197,0,0,8,3,5,0,0.0,0,Adrien Truffert,61,90,0,0,0.08,0.1,3,0,16,23,0,0.5,0.0307,1
4,Bournemouth,Alex Scott,90,6.8,0,1,0,1,4,0.1865,0.0519598,0,0,2,3,3,0,0.0,0,Alex Scott,69,90,0,0,0.19,0.05,4,0,15,19,0,0.5,0.0,1
4,Bournemouth,António Silva,90,6.5,0,2,0,2,1,0.5757,0.22512,0,0,0,4,6,0,0.0,0,António Silva,566,90,0,0,0.58,0.23,3,0,10,-2,0,0.5,0.0,1
4,Bournemouth,Ben Gannon-Doak,8,7.2,0,2,0,0,0,0.0984,0.0315684,0,0,1,0,0,0,0.0,0,Ben Gannon-Doak,72,8,0,0,0.1,0.03,1,0,4,6,0,0.5,0.0,0
4,Bournemouth,David Brooks,13,6.4,0,0,0,0,0,0.0,0.00160453,0,0,0,0,1,0,0.0,0,David Brooks,74,7,0,0,0.0,0.0,0,0,3,-1,0,0.5,0.0,0
4,Bournemouth,Evanilson,89,6.5,0,0,1,0,3,0.0,0.247027,0,1,0,1,0,0,0.0,0,Evanilson,79,90,0,1,0.0,0.25,5,0,4,22,0,0.5,0.0,1
4,Bournemouth,James Hill,90,6.5,0,0,0,0,1,0.0,0.00974063,0,0,1,2,8,0,0.0,0,James Hill,60,90,0,0,0.0,0.01,2,0,11,5,0,0.5,0.0,1
4,Bournemouth,Justin Kluivert,66,7.4,3,3,0,0,0,0.207,0.0161764,1,0,0,1,0,0,0.0,0,Justin Kluivert,70,65,1,0,0.21,0.02,8,0,4,31,0,0.5,1.1829,1
4,Bournemouth,Lewis Cook,8,6.6,0,0,0,0,0,0.0,0.00255393,0,0,0,1,1,0,0.0,0,Lewis Cook,71,8,0,0,0.0,0.0,0,0,2,-1,0,0.5,0.0,0
4,Bournemouth,Marcus Tavernier,83,8.3,3,4,2,0,4,0.1957,0.467504,1,0,1,0,2,0,0.0,0,Marcus Tavernier,68,82,1,0,0.2,0.47,8,0,8,44,0,0.5,0.2785,1
4,Bournemouth,Rayan,82,6.7,1,5,0,1,1,0.385,0.0234005,0,0,1,0,2,0,0.0,0,Rayan,67,81,0,0,0.39,0.02,2,0,3,7,0,0.5,0.0704,1
4,Bournemouth,Ryan Christie,24,6.4,0,0,0,0,1,0.0,0.117942,0,0,0,3,0,0,0.0,0,Ryan Christie,75,24,0,0,0.0,0.12,1,0,7,7,0,0.5,0.0,0
4,Bournemouth,Tyler Adams,82,6.6,1,1,0,0,0,0.0287,0.0232788,0,0,2,3,0,0,0.0,0,Tyler Adams,73,81,0,0,0.03,0.02,2,0,10,16,0,0.5,0.0882,1
4,Bournemouth,Álvaro Rodriguez,1,0.0,0,0,0,0,0,0.0,0.00335031,0,0,0,0,0,0,0.0,0,Álvaro Rodriguez,81,1,0,0,0.0,0.0,1,0,0,3,0,0.5,0.0,0
4,Bournemouth,Đorđe Petrović,90,5.1,0,0,0,0,0,0.0,0.00040463,0,0,0,0,0,0,-1.7773,0,Đorđe Petrović,57,90,0,0,0.0,0.0,1,0,0,0,0,0.5,0.0,1
4,Brentford,Aaron Hickey,71,6.6,0,1,0,0,0,0.0267,0.0250153,0,0,2,0,5,0,0.0,0,Aaron Hickey,90,70,0,0,0.03,0.03,1,0,7,4,0,1.75,0.0,1
4,Brentford,Caoimhin Kelleher,90,7.0,0,0,0,0,0,0.0,0.00162045,0,0,0,0,1,8,-0.3493,0,Caoimhin Kelleher,82,90,0,0,0.0,0.0,3,0,0,19,8,1.75,0.0,1
4,Brentford,Dango Ouattara,30,6.5,0,1,0,0,0,0.0163,0.00638095,0,0,0,0,1,0,0.0,0,Dango Ouattara,95,30,0,0,0.02,0.01,1,0,4,4,0,1.75,0.0,0
4,Brentford,El Hadji Malick Diouf,30,7.0,0,0,0,0,0,0.0,0.00682487,0,0,0,0,1,0,0.0,0,El Hadji Malick Diouf,620,30,0,0,0.0,0.01,1,0,1,4,0,1.75,0.0,0
4,Brentford,Igor Thiago,90,5.9,0,1,0,0,1,0.1067,0.0284207,0,0,0,0,0,0,0.0,0,Igor Thiago,106,90,0,0,0.11,0.03,1,0,1,3,0,1.75,0.0,1
4,Brentford,Jaidon Anthony,60,6.5,0,0,0,0,1,0.0,0.095862,0,0,2,0,5,0,0.0,0,Jaidon Anthony,105,59,0,0,0.0,0.1,1,0,11,12,0,1.75,0.0,1
4,Brentford,Jannik Schuster,90,6.9,0,0,0,0,0,0.0,0.0078735,0,0,2,0,9,0,0.0,0,Jannik Schuster,93,90,0,0,0.0,0.01,3,0,12,5,0,1.75,0.0,1
4,Brentford,Keane Lewis-Potter,60,6.2,0,1,0,0,0,0.0301,0.130445,0,0,1,0,1,0,0.0,0,Keane Lewis-Potter,86,59,0,0,0.03,0.13,1,0,2,0,0,1.75,0.0,1
4,Brentford,Kevin Schade,90,8.5,2,2,0,0,0,0.2079,0.10021,2,0,1,0,0,0,0.0,0,Kevin Schade,94,90,2,0,0.21,0.1,15,0,4,49,0,1.75,0.2227,1
4,Brentford,Kristoffer Ajer,90,6.1,0,1,0,0,0,0.0152,0.00128032,0,0,2,1,6,0,0.0,0,Kristoffer Ajer,87,90,0,0,0.02,0.0,1,0,9,0,0,1.75,0.0,1
4,Brentford,Mamadou Sangare,90,7.5,0,0,0,0,0,0.0,0.280408,0,0,6,0,1,0,0.0,0,Mamadou Sangare,565,90,0,0,0.0,0.28,4,0,13,19,0,1.75,0.0,1
4,Brentford,Michael Kayode,19,6.7,0,0,0,0,1,0.0,0.150343,0,0,0,1,0,0,0.0,0,Michael Kayode,88,19,0,0,0.0,0.15,1,0,1,5,0,1.75,0.0,0
4,Brentford,Mikkel Damsgaard,30,6.6,0,1,0,0,0,0.0956,0.0047247,0,0,0,1,0,0,0.0,0,Mikkel Damsgaard,96,30,0,0,0.1,0.0,1,0,4,3,0,1.75,0.0,0
4,Brentford,Vitaly Janelt,90,6.9,0,0,0,0,1,0.0,0.0766557,0,0,3,6,4,0,0.0,0,Vitaly Janelt,98,90,0,0,0.0,0.08,4,0,20,20,0,1.75,0.0,1
4,Brentford,Yehor Yarmoliuk,60,6.4,0,0,1,0,1,0.0,0.213103,0,1,0,1,1,0,0.0,0,Yehor Yarmoliuk,102,59,0,1,0.0,0.21,4,0,5,19,0,1.75,0.0,1
4,Brighton,Bart Verbruggen,90,9.8,0,0,0,0,0,0.0,0.00025298,0,0,0,0,3,6,1.9278,0,Bart Verbruggen,109,90,0,0,0.0,0.0,8,1,0,39,6,1.33,0.0,1
4,Brighton,Charalampos Kostoulas,84,7.7,1,3,0,1,0,0.39,0.0133789,1,0,1,0,2,0,0.0,1,Charalampos Kostoulas,138,83,1,1,0.39,0.01,10,1,7,40,0,1.33,0.7132,1
4,Brighton,Chema Andrés,25,6.5,0,1,0,0,1,0.2426,0.00840494,0,1,1,0,2,0,0.0,0,Chema Andrés,639,25,0,1,0.24,0.01,4,0,4,10,0,1.33,0.0,0
4,Brighton,Costinha,13,6.6,0,0,0,0,0,0.0,0.00228003,0,0,0,1,0,0,0.0,0,Costinha,119,6,0,0,0.0,0.0,1,0,1,3,0,1.33,0.0,0
4,Brighton,Diego Gómez,84,6.6,0,2,0,0,0,0.1363,0.0628919,0,0,0,0,1,0,0.0,0,Diego Gómez,127,83,0,0,0.14,0.06,3,1,3,6,0,1.33,0.0,1
4,Brighton,Ferdi Kadıoğlu,90,6.7,0,0,0,0,1,0.0,0.0860532,0,0,0,0,2,0,0.0,0,Ferdi Kadıoğlu,113,90,0,0,0.0,0.09,6,1,2,24,0,1.33,0.0,1
4,Brighton,Ibrahim Osman,12,6.5,0,2,0,0,0,0.0479,0.00807937,0,0,0,0,0,0,0.0,0,Ibrahim Osman,600,12,0,0,0.05,0.01,1,0,1,2,0,1.33,0.0,0
4,Brighton,Lewis Dunk,90,9.1,1,1,0,0,0,0.0265,0.0284331,1,0,1,0,4,0,0.0,0,Lewis Dunk,116,90,1,0,0.03,0.03,12,1,6,39,0,1.33,0.2541,1
4,Brighton,Luka Vušković,78,7.4,0,2,0,0,0,0.1104,0.00944989,0,0,1,1,7,0,0.0,0,Luka Vušković,504,77,0,0,0.11,0.01,6,1,9,27,0,1.33,0.0,1
4,Brighton,Malick Yalcouyé,65,7.6,2,3,0,0,1,0.6747,0.0100714,1,0,2,0,1,0,0.0,0,Malick Yalcouyé,605,64,1,0,0.67,0.01,8,1,6,29,0,1.33,0.9262,1
4,Brighton,Matt O'Riley,13,6.6,0,0,0,0,1,0.0,0.00657192,0,0,0,0,0,0,0.0,0,Matt O'Riley,126,6,0,0,0.0,0.01,1,0,1,4,0,1.33,0.0,0
4,Brighton,Maxim De Cuyper,90,6.9,0,1,1,0,4,0.0303,0.0364908,0,1,0,0,1,0,0.0,0,Maxim De Cuyper,115,90,0,1,0.03,0.04,11,1,1,41,0,1.33,0.0,1
4,Brighton,Olivier Boscagli,78,6.9,0,1,0,0,1,0.0115,0.0307382,0,0,1,1,7,0,0.0,0,Olivier Boscagli,114,77,0,0,0.01,0.03,6,1,9,25,0,1.33,0.0,1
4,Brighton,Pascal Groß,90,8.7,1,2,1,0,6,0.8227,0.188262,1,2,2,0,2,0,0.0,0,Pascal Groß,124,90,1,2,0.82,0.19,17,1,6,56,0,1.33,0.7677,1
4,Brighton,Pascal Struijk,12,6.9,0,0,0,0,0,0.0,0.0081741,0,0,0,0,4,0,0.0,0,Pascal Struijk,328,12,0,0,0.0,0.01,1,0,4,4,0,1.33,0.0,0
4,Brighton,Yasin Ayari,90,7.8,2,4,0,0,0,0.3134,0.0309213,1,0,1,0,0,0,0.0,0,Yasin Ayari,129,90,1,0,0.31,0.03,8,1,7,38,0,1.33,0.9795,1
4,Chelsea,Cole Palmer,90,7.0,0,3,2,0,3,0.1323,0.253192,0,1,0,0,0,0,0.0,0,Cole Palmer,154,90,0,1,0.13,0.25,5,0,3,28,0,1.38,0.0,1
4,Chelsea,Danny Welbeck,12,6.6,0,0,0,0,1,0.0,0.0586597,0,0,0,0,0,0,0.0,0,Danny Welbeck,136,12,0,0,0.0,0.06,1,0,1,4,0,1.38,0.0,0
4,Chelsea,Emiliano Martínez,90,6.8,0,0,0,0,0,0.0,0.00021543,0,0,0,0,0,3,-0.4391,0,Emiliano Martínez,28,90,0,0,0.0,0.0,2,0,0,10,3,1.38,0.0,1
4,Chelsea,Estêvão,11,6.6,1,1,0,0,0,0.0345,0.0651913,0,0,1,0,0,0,0.0,0,Estêvão,157,4,0,0,0.03,0.07,1,0,1,6,0,1.38,0.1837,0
4,Chelsea,Jorrel Hato,45,5.9,0,0,0,0,0,0.0,0.104505,0,0,1,1,0,0,0.0,0,Jorrel Hato,148,45,0,0,0.0,0.1,0,0,3,-8,0,1.38,0.0,1
4,Chelsea,João Pedro,90,7.8,1,1,0,0,1,0.2868,0.044828,1,1,0,0,2,0,0.0,0,João Pedro,165,90,1,1,0.29,0.04,12,0,2,44,0,1.38,0.7796,1
4,Chelsea,Levi Colwill,90,6.8,0,0,0,0,1,0.0,0.0113532,0,0,0,0,4,0,0.0,0,Levi Colwill,149,90,0,0,0.0,0.01,1,0,6,8,0,1.38,0.0,1
4,Chelsea,Malo Gusto,78,6.1,0,1,0,0,1,0.0396,0.070371,0,0,0,2,3,0,0.0,0,Malo Gusto,144,77,0,0,0.04,0.07,1,0,5,7,0,1.38,0.0,1
4,Chelsea,Maxence Lacroix,11,6.7,0,0,0,0,0,0.0,0.00027038,0,0,1,2,0,0,0.0,0,Maxence Lacroix,200,4,0,0,0.0,0.0,1,0,3,4,0,1.38,0.0,0
4,Chelsea,Morgan Rogers,90,7.9,2,2,0,1,0,0.2106,0.0238897,1,0,2,0,0,0,0.0,0,Morgan Rogers,40,90,1,0,0.21,0.02,8,0,6,31,0,1.38,0.3641,1
4,Chelsea,Pedro Neto,86,6.1,1,1,0,0,1,0.0461,0.103397,0,0,1,2,1,0,0.0,0,Pedro Neto,156,85,0,0,0.05,0.1,2,0,7,17,0,1.38,0.0798,1
4,Chelsea,Pep Chavarría,45,6.6,0,0,0,0,0,0.0,0.00738122,0,0,0,1,0,0,0.0,0,Pep Chavarría,583,45,0,0,0.0,0.01,1,0,1,4,0,1.38,0.0,0
4,Chelsea,Reece James,90,7.6,2,3,0,0,0,0.1554,0.139291,0,0,2,0,2,0,0.0,0,Reece James,142,90,0,0,0.16,0.14,1,0,4,11,0,1.38,0.3305,1
4,Chelsea,Roméo Lavia,69,6.6,0,0,0,0,0,0.0,0.0715558,0,0,1,3,0,0,0.0,0,Roméo Lavia,161,68,0,0,0.0,0.07,2,0,9,14,0,1.38,0.0,1
4,Chelsea,Valentín Barco,21,7.0,0,0,0,0,0,0.0,0.0903595,0,0,0,1,0,0,0.0,0,Valentín Barco,568,21,0,0,0.0,0.09,0,0,2,7,0,1.38,0.0,0
4,Chelsea,Wesley Fofana,86,7.5,0,0,0,0,0,0.0,0.0288453,0,0,2,1,3,0,0.0,0,Wesley Fofana,145,85,0,0,0.0,0.03,1,0,6,10,0,1.38,0.0,1
4,Coventry City,Aurèle Amenda,90,6.0,0,0,0,0,1,0.0,0.00319883,0,0,0,2,5,0,0.0,0,Aurèle Amenda,182,90,0,0,0.0,0.0,0,0,8,-12,0,2.81,0.0,1
4,Coventry City,Bobby Thomas,90,5.5,0,3,0,0,0,0.1925,0.0661282,0,0,0,1,6,0,0.0,0,Bobby Thomas,173,90,0,0,0.19,0.07,0,0,8,-17,0,2.81,0.0,1
4,Coventry City,Brandon Thomas-Asante,17,6.6,2,2,0,0,0,0.2057,0.0285962,0,0,0,0,0,0,0.0,0,Brandon Thomas-Asante,194,17,0,0,0.21,0.03,1,0,0,7,0,2.81,0.5545,0
4,Coventry City,Caleb Yirenkyi,17,6.3,0,0,0,0,1,0.0,0.00945187,0,0,0,0,0,0,0.0,0,Caleb Yirenkyi,575,17,0,0,0.0,0.01,1,0,0,3,0,2.81,0.0,0
4,Coventry City,Carl Rushworth,90,6.2,0,0,0,0,0,0.0,0.00605357,0,0,0,0,1,2,-1.3592,0,Carl Rushworth,110,90,0,0,0.0,0.01,0,0,0,-5,2,2.81,0.0,1
4,Coventry City,Ephron Mason-Clark,60,6.4,2,3,0,0,0,0.4871,0.00572489,0,0,0,0,2,0,0.0,0,Ephron Mason-Clark,186,59,0,0,0.49,0.01,1,0,4,5,0,2.81,0.2305,1
4,Coventry City,Ethan Pinnock,90,5.6,0,1,0,0,0,0.0147,0.00260665,0,0,2,0,7,0,0.0,0,Ethan Pinnock,91,90,0,0,0.01,0.0,2,0,10,-11,0,2.81,0.0,1
4,Coventry City,Frank Onyeka,73,6.9,1,1,0,0,0,0.0334,0.00897275,0,0,1,1,1,0,0.0,0,Frank Onyeka,104,72,0,0,0.03,0.01,2,0,7,11,0,2.81,0.2276,1
4,Coventry City,Jack Rudoni,73,8.5,1,2,0,1,4,0.3298,0.734518,0,0,0,0,2,0,0.0,0,Jack Rudoni,183,72,0,0,0.33,0.73,2,0,5,11,0,2.81,0.9152,1
4,Coventry City,Jay DaSilva,90,6.4,0,0,1,0,2,0.0,0.334873,0,0,0,0,2,0,0.0,0,Jay DaSilva,176,90,0,0,0.0,0.33,0,0,3,-7,0,2.81,0.0,1
4,Coventry City,Matt Grimes,84,6.8,0,1,0,0,0,0.0459,0.0237869,0,0,1,0,1,0,0.0,0,Matt Grimes,184,83,0,0,0.05,0.02,2,0,3,9,0,2.81,0.0,1
4,Coventry City,Milan van Ewijk,90,7.1,0,0,0,0,1,0.0,0.044629,0,0,1,0,5,0,0.0,0,Milan van Ewijk,175,90,0,0,0.0,0.04,0,0,7,-5,0,2.81,0.0,1
4,Coventry City,Sidiki Cherif,30,6.6,0,0,0,0,0,0.0,9.626e-05,0,0,0,1,0,0,0.0,0,Sidiki Cherif,599,30,0,0,0.0,0.0,1,0,1,3,0,2.81,0.0,0
4,Coventry City,Taiwo Awoniyi,53,5.4,0,1,0,0,1,0.0623,0.0148421,0,0,1,0,0,0,0.0,0,Taiwo Awoniyi,492,52,0,0,0.06,0.01,-2,0,2,-5,0,2.81,0.0,1
4,Coventry City,Victor Torp,13,6.4,0,0,0,0,0,0.0,0.00121475,0,0,0,0,0,0,0.0,0,Victor Torp,188,6,0,0,0.0,0.0,1,0,0,3,0,2.81,0.0,0
4,Crystal Palace,Adam Wharton,77,6.7,0,1,0,0,1,0.0822,0.038858,0,0,1,0,1,0,0.0,0,Adam Wharton,210,76,0,0,0.08,0.04,2,0,5,13,0,1.68,0.0,1
4,Crystal Palace,Anan Khalaili,90,7.5,1,4,0,1,1,0.2241,0.136217,1,0,2,0,3,0,0.0,0,Anan Khalaili,588,90,1,0,0.22,0.14,7,0,5,4,0,1.68,0.3018,1
4,Crystal Palace,Axel Disasi,34,5.2,0,0,0,0,0,0.0,0.0005037,0,0,0,2,4,0,0.0,0,Axel Disasi,153,33,0,0,0.0,0.0,-3,0,6,-18,0,1.68,0.0,1
4,Crystal Palace,Ben Chilwell,13,6.4,0,1,0,0,0,0.118,0.00551302,0,0,0,0,1,0,0.0,0,Ben Chilwell,643,13,0,0,0.12,0.01,1,0,1,1,0,1.68,0.0,0
4,Crystal Palace,Chris Richards,90,6.3,0,0,0,0,0,0.0,0.0563154,0,0,1,3,9,0,0.0,0,Chris Richards,202,90,0,0,0.0,0.06,2,0,13,2,0,1.68,0.0,1
4,Crystal Palace,Daichi Kamada,84,7.4,0,0,0,0,2,0.0,0.0506095,0,2,1,0,0,0,0.0,0,Daichi Kamada,214,83,0,2,0.0,0.05,8,0,1,30,0,1.68,0.0,1
4,Crystal Palace,Honest Ahanor,90,6.7,0,0,0,0,1,0.0,0.00871338,0,0,2,1,8,0,0.0,0,Honest Ahanor,633,90,0,0,0.0,0.01,3,0,11,10,0,1.68,0.0,1
4,Crystal Palace,Jefferson Lerma,12,6.5,0,0,0,0,0,0.0,0.0010192,0,0,0,0,1,0,0.0,0,Jefferson Lerma,213,6,0,0,0.0,0.0,1,0,1,3,0,1.68,0.0,0
4,Crystal Palace,Jørgen Strand Larsen,84,7.7,2,3,0,0,1,0.0884,0.0242011,1,0,1,0,0,0,0.0,0,Jørgen Strand Larsen,222,83,1,0,0.09,0.02,8,0,2,39,0,1.68,0.1458,1
4,Crystal Palace,Quinten Timber,90,7.9,1,2,0,0,0,0.1028,0.0329305,0,0,8,0,2,0,0.0,0,Quinten Timber,644,90,0,0,0.1,0.03,4,0,16,24,0,1.68,0.0587,1
4,Crystal Palace,Takehiro Tomiyasu,53,6.7,0,0,0,0,0,0.0,0.00662527,0,0,1,1,3,0,0.0,0,Takehiro Tomiyasu,577,53,0,0,0.0,0.01,0,0,5,6,0,1.68,0.0,0
4,Crystal Palace,Tyrick Mitchell,77,6.5,0,0,0,0,1,0.0,0.0558579,0,0,0,0,1,0,0.0,0,Tyrick Mitchell,204,76,0,0,0.0,0.06,1,0,1,6,0,1.68,0.0,1
4,Crystal Palace,Walter Benítez,90,7.6,0,0,0,0,0,0.0,0.00116651,0,0,0,0,1,3,0.8144,0,Walter Benítez,199,90,0,0,0.0,0.0,2,0,0,3,3,1.68,0.0,1
4,Crystal Palace,Will Hughes,13,6.5,0,0,0,0,1,0.0,0.0389932,0,0,1,0,1,0,0.0,0,Will Hughes,212,13,0,0,0.0,0.04,1,0,4,6,0,1.68,0.0,0
4,Crystal Palace,Yéremy Pino,37,6.5,0,0,0,0,0,0.0,0.0073129,0,0,0,0,0,0,0.0,0,Yéremy Pino,211,36,0,0,0.0,0.01,1,0,1,4,0,1.68,0.0,1
4,Crystal Palace,Zavier Gozo,12,6.3,0,0,0,0,0,0.0,0.00052222,0,0,0,0,0,0,0.0,0,Zavier Gozo,595,6,0,0,0.0,0.0,1,0,0,3,0,1.68,0.0,0
4,Everton,Ainsley Maitland-Niles,75,7.1,0,1,0,0,1,0.0274,0.138803,0,0,2,1,2,0,0.0,0,Ainsley Maitland-Niles,649,74,0,0,0.03,0.14,6,1,5,23,0,0.69,0.0,1
4,Everton,Brennan Johnson,75,6.9,0,1,0,0,2,0.1644,0.182983,0,0,2,1,1,0,0.0,0,Brennan Johnson,209,74,0,0,0.16,0.18,3,1,6,13,0,0.69,0.0,1
4,Everton,Harrison Armstrong,90,6.6,0,0,0,0,0,0.0,0.0229932,0,0,0,0,1,0,0.0,0,Harrison Armstrong,244,90,0,0,0.0,0.02,3,1,5,6,0,0.69,0.0,1
4,Everton,Hayden Hackney,15,6.6,0,0,0,0,1,0.0,0.0195018,0,0,0,0,1,0,0.0,0,Hayden Hackney,247,15,0,0,0.0,0.02,1,0,1,3,0,0.69,0.0,0
4,Everton,Jack Grealish,25,6.7,0,0,0,0,0,0.0,0.0123247,0,0,1,0,2,0,0.0,0,Jack Grealish,238,25,0,0,0.0,0.01,1,0,4,4,0,0.69,0.0,0
4,Everton,Jake O'Brien,15,6.7,0,0,0,0,0,0.0,2.1e-07,0,0,0,0,1,0,0.0,0,Jake O'Brien,232,15,0,0,0.0,0.0,1,0,1,2,0,0.69,0.0,0
4,Everton,James Garner,90,8.3,1,1,0,0,0,0.0367,0.0178283,0,0,6,1,1,0,0.0,0,James Garner,239,90,0,0,0.04,0.02,4,1,17,23,0,0.69,0.1221,1
4,Everton,James Tarkowski,90,7.5,0,0,0,0,0,0.0,0.00966116,0,0,5,0,3,0,0.0,0,James Tarkowski,229,90,0,0,0.0,0.01,8,1,8,32,0,0.69,0.0,1
4,Everton,Jarrad Branthwaite,90,7.5,0,0,0,0,0,0.0,0.00263596,0,0,1,0,4,0,0.0,0,Jarrad Branthwaite,230,90,0,0,0.0,0.0,6,1,9,27,0,0.69,0.0,1
4,Everton,Jordan Pickford,90,7.0,0,0,0,0,0,0.0,0.00088344,0,0,0,0,2,2,0.2497,0,Jordan Pickford,226,90,0,0,0.0,0.0,6,1,0,25,2,0.69,0.0,1
4,Everton,Kiernan Dewsbury-Hall,90,7.1,1,3,0,1,1,0.1676,0.0949812,0,0,0,1,0,0,0.0,0,Kiernan Dewsbury-Hall,236,90,0,0,0.17,0.09,2,1,6,16,0,0.69,0.0797,1
4,Everton,Thierno Barry,90,6.6,1,5,0,1,1,0.6715,0.0327022,0,0,0,1,0,0,0.0,0,Thierno Barry,249,90,0,0,0.67,0.03,2,1,2,5,0,0.69,0.4843,1
4,Everton,Tyrique George,65,6.6,0,1,1,0,1,0.0455,0.146905,0,0,0,0,1,0,0.0,0,Tyrique George,242,64,0,0,0.05,0.15,3,1,3,13,0,0.69,0.0,1
4,Everton,Vitaliy Mykolenko,90,7.7,0,0,0,0,1,0.0,0.0675193,0,0,7,3,1,0,0.0,0,Vitaliy Mykolenko,233,90,0,0,0.0,0.07,11,1,11,38,0,0.69,0.0,1
4,Fulham,Alex Iwobi,77,6.8,0,2,0,0,2,0.1477,0.108651,0,0,1,0,0,0,0.0,0,Alex Iwobi,261,76,0,0,0.15,0.11,3,1,4,15,0,1.28,0.0,1
4,Fulham,Antonee Robinson,90,6.6,0,1,0,0,2,0.0538,0.052089,0,0,2,1,6,0,0.0,0,Antonee Robinson,254,90,0,0,0.05,0.05,6,1,9,25,0,1.28,0.0,1
4,Fulham,Bernd Leno,90,7.5,0,0,0,0,0,0.0,0.00172676,0,0,0,0,1,3,0.8958,0,Bernd Leno,250,90,0,0,0.0,0.0,9,1,0,29,3,1.28,0.0,1
4,Fulham,Calvin Bassey,90,7.3,1,1,0,0,0,0.0516,0.00289367,0,0,1,1,5,0,0.0,0,Calvin Bassey,257,90,0,0,0.05,0.0,6,1,8,27,0,1.28,0.028,1
4,Fulham,David Affengruber,90,6.9,0,0,0,0,0,0.0,0.00302204,0,0,1,2,9,0,0.0,0,David Affengruber,650,90,0,0,0.0,0.0,8,1,12,23,0,1.28,0.0,1
4,Fulham,Emile Smith Rowe,13,6.6,0,0,0,0,0,0.0,0.00294165,0,0,0,1,0,0,0.0,0,Emile Smith Rowe,262,13,0,0,0.0,0.0,1,0,2,3,0,1.28,0.0,0
4,Fulham,Gonzalo García,77,6.0,1,1,0,1,1,0.2043,0.0268238,0,0,0,0,1,0,0.0,0,Gonzalo García,569,76,0,0,0.2,0.03,2,1,3,5,0,1.28,0.0,1
4,Fulham,Hugo Larsson,13,6.6,0,0,0,0,0,0.0,0.00527882,0,0,0,0,0,0,0.0,0,Hugo Larsson,635,13,0,0,0.0,0.01,1,0,1,3,0,1.28,0.0,0
4,Fulham,Joshua King,77,7.4,2,4,1,0,1,0.2125,0.0876263,0,0,2,0,0,0,0.0,0,Joshua King,268,76,0,0,0.21,0.09,3,1,4,19,0,1.28,0.3838,1
4,Fulham,Kenny Tete,27,6.4,0,0,0,0,0,0.0,0.0007802,0,0,0,0,3,0,0.0,0,Kenny Tete,256,27,0,0,0.0,0.0,0,0,3,-1,0,1.28,0.0,0
4,Fulham,Kevin,18,6.6,0,1,0,0,0,0.0304,0.0658313,0,0,1,0,0,0,0.0,0,Kevin,263,18,0,0,0.03,0.07,1,0,3,4,0,1.28,0.0,0
4,Fulham,Oscar Bobb,63,6.7,0,0,0,0,2,0.0,0.13475,0,0,1,2,0,0,0.0,0,Oscar Bobb,264,62,0,0,0.0,0.13,3,1,7,12,0,1.28,0.0,1
4,Fulham,Rodrigo Muniz,13,6.4,0,0,0,0,0,0.0,0.00291489,0,0,0,0,1,0,0.0,0,Rodrigo Muniz,271,13,0,0,0.0,0.0,1,0,1,4,0,1.28,0.0,0
4,Fulham,Sander Berge,90,6.9,0,0,0,0,1,0.0,0.0104784,0,0,3,1,2,0,0.0,0,Sander Berge,265,90,0,0,0.0,0.01,3,1,9,14,0,1.28,0.0,1
4,Fulham,Shea Charles,90,7.2,0,0,0,0,0,0.0,0.0183062,0,0,1,3,2,0,0.0,0,Shea Charles,580,90,0,0,0.0,0.02,5,1,17,19,0,1.28,0.0,1
4,Fulham,Timothy Castagne,72,6.7,0,0,0,0,0,0.0,0.0101821,0,0,2,0,3,0,0.0,0,Timothy Castagne,258,71,0,0,0.0,0.01,6,1,5,23,0,1.28,0.0,1
4,Hull City,Brooke Norton-Cuffy,8,6.7,0,1,0,0,0,0.0473,0.00030095,0,0,0,0,0,0,0.0,0,Brooke Norton-Cuffy,638,8,0,0,0.05,0.0,0,0,0,0,0,0.91,0.0,0
4,Hull City,Elliot Stroud,60,6.3,0,1,0,0,0,0.0104,0.00220887,0,0,2,0,0,0,0.0,0,Elliot Stroud,576,59,0,0,0.01,0.0,1,0,5,3,0,0.91,0.0,1
4,Hull City,John Egan,90,6.4,0,2,0,0,0,0.0428,0.00260139,0,0,2,2,10,0,0.0,0,John Egan,277,90,0,0,0.04,0.0,2,0,14,-1,0,0.91,0.0,1
4,Hull City,Konstantinos Tzolakis,90,6.5,0,0,0,0,0,0.0,0.00178048,0,0,0,0,2,5,-0.2624,0,Konstantinos Tzolakis,572,90,0,0,0.0,0.0,2,0,0,15,5,0.91,0.0,1
4,Hull City,Lewie Coyle,82,6.0,0,1,0,0,1,0.1344,0.0123296,0,0,1,0,2,0,0.0,0,Lewie Coyle,280,81,0,0,0.13,0.01,1,0,3,2,0,0.91,0.0,1
4,Hull City,Lucas Herrington,31,6.3,0,0,0,0,0,0.0,0.0144623,0,0,0,1,0,0,0.0,0,Lucas Herrington,585,31,0,0,0.0,0.01,1,0,1,-1,0,0.91,0.0,0
4,Hull City,Matt Crooks,69,6.3,0,0,0,0,0,0.0,0.00387996,0,0,2,0,4,0,0.0,0,Matt Crooks,289,68,0,0,0.0,0.0,1,0,10,2,0,0.91,0.0,1
4,Hull City,Mohamed Ali Cho,30,7.0,1,2,0,1,1,0.4721,0.155834,0,0,0,0,1,0,0.0,0,Mohamed Ali Cho,617,30,0,0,0.47,0.16,1,0,2,3,0,0.91,0.5844,0
4,Hull City,Mohamed Belloumi,60,8.5,2,3,0,0,1,0.1708,0.0627818,2,0,1,0,0,0,0.0,0,Mohamed Belloumi,286,59,2,0,0.17,0.06,13,0,1,43,0,0.91,0.6716,1
4,Hull City,Nobel Mendy,59,6.8,0,0,0,0,0,0.0,0.00239453,0,0,2,1,4,0,0.0,0,Nobel Mendy,586,58,0,0,0.0,0.0,1,0,7,3,0,0.91,0.0,1
4,Hull City,Oli McBurnie,82,6.8,1,1,0,1,1,0.3297,0.0443229,0,1,1,0,2,0,0.0,0,Oli McBurnie,295,81,0,1,0.33,0.04,4,0,3,17,0,0.91,0.2892,1
4,Hull City,Regan Slater,90,7.2,1,1,1,0,2,0.0418,0.104203,0,0,3,1,2,0,0.0,0,Regan Slater,290,90,0,0,0.04,0.1,2,0,11,22,0,0.91,0.0157,1
4,Hull City,Robinio Vaz,8,6.4,0,0,0,0,0,0.0,0.00406159,0,0,0,0,0,0,0.0,0,Robinio Vaz,637,8,0,0,0.0,0.0,1,0,1,3,0,0.91,0.0,0
4,Hull City,Ryan Giles,90,6.4,0,0,2,0,2,0.0,0.169395,0,1,1,1,5,0,0.0,0,Ryan Giles,282,90,0,1,0.0,0.17,4,0,7,20,0,0.91,0.0,1
4,Hull City,Semi Ajayi,90,6.0,0,1,0,1,0,0.1266,0.00127161,0,0,1,1,1,0,0.0,0,Semi Ajayi,279,90,0,0,0.13,0.0,1,0,3,-6,0,0.91,0.0,1
4,Hull City,Sorba Thomas,30,6.4,0,1,0,0,1,0.0191,0.0309112,0,0,0,0,0,0,0.0,0,Sorba Thomas,642,30,0,0,0.02,0.03,1,0,4,6,0,0.91,0.0,0
4,Hull City,Tim Iroegbunam,21,6.7,0,0,0,0,0,0.0,0.00112445,0,0,1,1,0,0,0.0,0,Tim Iroegbunam,240,21,0,0,0.0,0.0,0,0,2,2,0,0.91,0.0,0
4,Ipswich Town,Abdoul Ouattara,8,6.8,0,0,0,0,0,0.0,0.00064173,0,0,1,0,0,0,0.0,0,Abdoul Ouattara,592,2,0,0,0.0,0.0,1,0,1,5,0,0.62,0.0,0
4,Ipswich Town,Abdul Fatawu Issahaku,62,6.5,0,0,0,0,0,0.0,0.0503095,0,0,2,1,1,0,0.0,0,Abdul Fatawu Issahaku,315,61,0,0,0.0,0.05,1,0,7,6,0,0.62,0.0,1
4,Ipswich Town,Daizen Maeda,27,6.1,0,0,0,0,0,0.0,0.00195583,0,0,0,0,0,0,0.0,0,Daizen Maeda,562,27,0,0,0.0,0.0,1,0,0,1,0,0.62,0.0,0
4,Ipswich Town,Dara O'Shea,90,6.4,0,0,0,0,3,0.0,0.0844314,0,0,2,1,6,0,0.0,0,Dara O'Shea,304,90,0,0,0.0,0.08,1,0,9,5,0,0.62,0.0,1
4,Ipswich Town,Emersonn,63,7.7,1,3,1,0,1,0.44,0.0472063,1,1,0,0,0,0,0.0,0,Emersonn,316,62,1,1,0.44,0.05,12,0,2,45,0,0.62,0.8027,1
4,Ipswich Town,Exequiel Palacios,90,7.0,0,0,0,0,0,0.0,0.0356035,0,0,3,1,4,0,0.0,0,Exequiel Palacios,619,90,0,0,0.0,0.04,4,0,13,14,0,0.62,0.0,1
4,Ipswich Town,Florentino Luís,13,6.6,0,0,0,0,2,0.0,0.00975145,0,0,1,1,0,0,0.0,0,Florentino Luís,571,13,0,0,0.0,0.01,1,0,2,8,0,0.62,0.0,0
4,Ipswich Town,Issa Diop,90,6.8,0,0,0,0,0,0.0,0.131286,0,0,1,4,2,0,0.0,0,Issa Diop,259,90,0,0,0.0,0.13,1,0,7,8,0,0.62,0.0,1
4,Ipswich Town,Jack Clarke,63,6.6,1,1,0,0,1,0.1467,0.0200909,0,0,1,0,0,0,0.0,0,Jack Clarke,313,62,0,0,0.15,0.02,1,0,2,8,0,0.62,0.7428,1
4,Ipswich Town,Jacob Greaves,88,6.5,0,0,0,0,0,0.0,0.0100832,0,0,0,2,3,0,0.0,0,Jacob Greaves,306,87,0,0,0.0,0.01,1,0,6,7,0,0.62,0.0,1
4,Ipswich Town,Jaden Philogene-Bidace,28,6.1,1,1,0,0,0,0.015,0.00340737,0,0,0,0,0,0,0.0,0,Jaden Philogene-Bidace,318,28,0,0,0.02,0.0,1,0,3,6,0,0.62,0.0168,0
4,Ipswich Town,Julio Enciso,90,6.6,0,2,0,0,1,0.0528,0.203721,0,0,0,0,1,0,0.0,0,Julio Enciso,591,90,0,0,0.05,0.2,2,0,5,7,0,0.62,0.0,1
4,Ipswich Town,Kjell Scherpen,90,5.7,0,0,0,0,0,0.0,0.00075759,0,0,0,0,3,2,-1.4936,0,Kjell Scherpen,564,90,0,0,0.0,0.0,1,0,0,6,2,0.62,0.0,1
4,Ipswich Town,Leif Davis,90,7.1,1,2,1,0,1,0.5151,0.191918,1,1,0,0,2,0,0.0,0,Leif Davis,305,90,1,2,0.52,0.19,14,0,2,35,0,0.62,0.9316,1
4,Ipswich Town,Saša Lukić,77,6.4,0,0,0,0,2,0.0,0.0970665,0,0,1,2,3,0,0.0,0,Saša Lukić,267,76,0,0,0.0,0.1,1,0,10,8,0,0.62,0.0,1
4,Ipswich Town,Zian Flemming,27,7.0,2,3,0,0,0,0.519,0.00056842,1,0,0,0,1,0,0.0,0,Zian Flemming,640,27,1,0,0.52,0.0,5,0,2,32,0,0.62,1.3205,0
4,Leeds,Anton Stach,88,6.8,0,1,0,1,3,0.4275,0.0767784,0,0,2,2,1,0,0.0,0,Anton Stach,335,87,0,0,0.43,0.08,3,1,11,15,0,0.85,0.0,1
4,Leeds,Ao Tanaka,72,7.2,0,1,0,0,0,0.0641,0.02538,0,0,2,1,0,0,0.0,0,Ao Tanaka,345,71,0,1,0.06,0.03,6,1,5,24,0,0.85,0.0,1
4,Leeds,Brenden Aaronson,18,6.5,0,0,0,0,0,0.0,0.0017264,0,0,0,0,0,0,0.0,0,Brenden Aaronson,337,18,0,0,0.0,0.0,1,0,1,4,0,0.85,0.0,0
4,Leeds,Daniel James,12,6.9,0,2,0,0,0,0.0728,0.0,0,0,0,0,0,0,0.0,0,Daniel James,343,7,0,0,0.07,0.0,1,0,2,4,0,0.85,0.0,0
4,Leeds,Dominic Calvert-Lewin,78,8.0,2,4,0,1,1,0.7713,0.00443071,1,1,0,0,1,0,0.0,0,Dominic Calvert-Lewin,346,77,1,1,0.77,0.0,10,1,5,38,0,0.85,1.1648,1
4,Leeds,Ethan Ampadu,90,7.1,0,1,0,0,0,0.0687,0.0159284,0,0,1,2,0,0,0.0,0,Ethan Ampadu,338,90,0,1,0.07,0.02,7,0,12,25,0,0.85,0.0,1
4,Leeds,Gabriel Gudmundsson,72,7.2,0,0,0,0,0,0.0,0.175688,0,0,3,1,0,0,0.0,0,Gabriel Gudmundsson,331,72,0,0,0.0,0.18,6,1,4,22,0,0.85,0.0,1
4,Leeds,Harry Wilson,18,6.8,0,0,0,0,0,0.0,0.0302056,0,0,1,0,1,0,0.0,0,Harry Wilson,260,18,0,0,0.0,0.03,1,0,2,4,0,0.85,0.0,0
4,Leeds,James Justin,90,7.3,0,0,0,0,2,0.0,0.27654,0,0,2,0,3,0,0.0,0,James Justin,332,90,0,0,0.0,0.28,2,0,5,11,0,0.85,0.0,1
4,Leeds,James Trafford,90,7.0,0,0,0,0,0,0.0,0.00194317,0,0,0,0,4,4,0.119,0,James Trafford,385,90,0,0,0.0,0.0,3,0,0,15,4,0.85,0.0,1
4,Leeds,Jayden Bogle,83,7.0,3,3,0,0,1,0.3492,0.108993,1,0,2,0,1,0,0.0,0,Jayden Bogle,330,82,1,0,0.35,0.11,15,1,3,45,0,0.85,1.0145,1
4,Leeds,Lukas Nmecha,12,6.6,0,0,0,0,0,0.0,0.00608091,0,0,0,0,0,0,0.0,0,Lukas Nmecha,347,12,0,0,0.0,0.01,1,0,1,4,0,0.85,0.0,0
4,Leeds,Melvin Bard,18,6.3,0,0,0,0,1,0.0,0.00210635,0,0,1,1,0,0,0.0,0,Melvin Bard,641,18,0,0,0.0,0.0,1,0,2,1,0,0.85,0.0,0
4,Leeds,Nico Elvedi,90,6.4,0,1,0,0,0,0.0772,0.00449983,0,0,1,0,8,0,0.0,0,Nico Elvedi,598,90,0,0,0.08,0.0,2,0,9,8,0,0.85,0.0,1
4,Leeds,Noah Okafor,72,7.9,1,2,0,0,1,0.0754,0.076018,1,0,2,0,1,0,0.0,0,Noah Okafor,336,71,1,0,0.08,0.08,9,1,5,34,0,0.85,0.5013,1
4,Leeds,Sean Longstaff,2,0.0,0,0,0,0,0,0.0,8.16e-06,0,0,0,0,0,0,0.0,0,Sean Longstaff,339,2,0,0,0.0,0.0,1,0,0,4,0,0.85,0.0,0
4,Leeds,Tarik Muharemović,90,7.1,0,0,1,0,1,0.0,0.0200594,0,1,1,2,8,0,0.0,0,Tarik Muharemović,334,90,0,1,0.0,0.02,7,0,11,27,0,0.85,0.0,1
4,Liverpool,Alexander Isak,90,6.8,1,3,0,1,0,0.501,0.00343196,0,0,0,0,0,0,0.0,0,Alexander Isak,379,90,0,0,0.5,0.0,2,1,1,5,0,0.7,0.4365,1
4,Liverpool,Alexis Mac Allister,30,6.7,0,1,0,0,2,0.0162,0.0164717,0,0,1,1,1,0,0.0,0,Alexis Mac Allister,372,30,0,0,0.02,0.02,1,0,4,7,0,0.7,0.0,0
4,Liverpool,Alisson,90,7.9,0,0,0,0,0,0.0,0.00325339,0,0,0,0,0,3,0.4118,0,Alisson,350,90,0,0,0.0,0.0,9,1,0,29,3,0.7,0.0,1
4,Liverpool,Bradley Barcola,72,6.7,0,1,0,1,1,0.2064,0.0319188,0,0,3,0,0,0,0.0,0,Bradley Barcola,627,71,0,0,0.21,0.03,3,1,5,9,0,0.7,0.0,1
4,Liverpool,Cody Gakpo,30,6.5,0,1,0,0,0,0.0783,0.0162825,0,0,0,0,0,0,0.0,0,Cody Gakpo,367,30,0,0,0.08,0.02,1,0,2,3,0,0.7,0.0,0
4,Liverpool,Dominik Szoboszlai,90,7.2,1,2,3,0,4,0.1203,0.27826,0,0,0,1,2,0,0.0,0,Dominik Szoboszlai,368,90,0,0,0.12,0.28,3,1,6,25,0,0.7,0.0432,1
4,Liverpool,Florian Wirtz,90,7.0,0,3,0,0,2,0.1074,0.0566556,0,0,1,0,2,0,0.0,0,Florian Wirtz,366,90,0,0,0.11,0.06,3,1,9,14,0,0.7,0.0,1
4,Liverpool,Jeremie Frimpong,18,7.0,0,0,1,0,2,0.0,0.124769,0,0,1,1,2,0,0.0,0,Jeremie Frimpong,357,18,0,0,0.0,0.12,1,0,4,12,0,0.7,0.0,0
4,Liverpool,Jérémy Jacquet,90,8.5,0,0,0,0,0,0.0,0.0172621,0,0,1,1,2,0,0.0,0,Jérémy Jacquet,362,90,0,0,0.0,0.02,9,1,5,36,0,0.7,0.0,1
4,Liverpool,Kostas Tsimikas,45,6.4,0,0,0,0,0,0.0,0.00701896,0,0,1,1,1,0,0.0,0,Kostas Tsimikas,364,45,0,0,0.0,0.01,1,0,3,2,0,0.7,0.0,1
4,Liverpool,Miloš Kerkez,45,7.0,0,0,0,0,0,0.0,0.0141127,0,0,1,0,2,0,0.0,0,Miloš Kerkez,358,45,0,0,0.0,0.01,1,0,3,6,0,0.7,0.0,0
4,Liverpool,Rio Ngumoha,18,6.5,0,1,0,1,0,0.1072,0.00445883,0,0,0,0,1,0,0.0,0,Rio Ngumoha,369,18,0,0,0.11,0.0,1,0,1,-1,0,0.7,0.0,0
4,Liverpool,Ronald Araújo,72,6.8,0,0,0,0,0,0.0,0.00490868,0,0,1,1,1,0,0.0,0,Ronald Araújo,579,71,0,0,0.0,0.0,6,1,4,24,0,0.7,0.0,1
4,Liverpool,Ryan Gravenberch,60,7.0,0,1,0,0,1,0.0444,0.00839914,0,0,2,1,5,0,0.0,0,Ryan Gravenberch,371,59,0,0,0.04,0.01,1,0,10,13,0,0.7,0.0,1
4,Liverpool,Virgil van Dijk,90,7.3,0,0,0,0,1,0.0,0.0136393,0,0,0,4,5,0,0.0,0,Virgil van Dijk,356,90,0,0,0.0,0.01,8,1,10,25,0,0.7,0.0,1
4,Liverpool,Víctor Muñoz,60,7.1,1,1,0,1,0,0.0967,0.00410693,0,0,0,0,0,0,0.0,0,Víctor Muñoz,377,59,0,0,0.1,0.0,1,0,2,5,0,0.7,0.4161,1
4,Man City,Antoine Semenyo,90,6.2,0,0,0,0,1,0.0,0.0566963,0,0,1,0,0,0,0.0,0,Antoine Semenyo,397,90,0,0,0.0,0.06,3,1,3,7,0,1.0,0.0,1
4,Man City,Elliot Anderson,90,7.1,0,0,0,0,0,0.0,0.00743255,0,0,3,2,3,0,0.0,0,Elliot Anderson,481,90,0,0,0.0,0.01,5,1,14,18,0,1.0,0.0,1
4,Man City,Enzo Fernández,82,6.7,1,2,1,0,1,0.1762,0.127013,0,0,2,3,1,0,0.0,0,Enzo Fernández,155,81,0,0,0.18,0.13,2,1,10,17,0,1.0,0.2014,1
4,Man City,Erling Haaland,90,8.0,1,2,0,1,0,0.8665,0.0137954,1,0,0,0,0,0,0.0,0,Erling Haaland,411,90,1,0,0.87,0.01,9,1,3,36,0,1.0,0.7641,1
4,Man City,Gianluigi Donnarumma,90,7.5,0,0,0,0,0,0.0,0.00094761,0,0,0,0,0,3,0.2751,0,Gianluigi Donnarumma,384,90,0,0,0.0,0.0,7,1,0,29,3,1.0,0.0,1
4,Man City,Iliman Ndiaye,45,7.0,0,0,0,0,0,0.0,0.0145719,0,0,1,1,2,0,0.0,0,Iliman Ndiaye,237,45,0,0,0.0,0.01,1,0,10,15,0,1.0,0.0,0
4,Man City,Joško Gvardiol,90,7.9,0,1,0,0,0,0.0191,0.00253081,0,0,4,0,3,0,0.0,0,Joško Gvardiol,391,90,0,1,0.02,0.0,11,1,7,36,0,1.0,0.0,1
4,Man City,Marc Guéhi,90,7.0,0,0,0,0,0,0.0,0.00154917,0,0,0,0,6,0,0.0,0,Marc Guéhi,388,90,0,0,0.0,0.0,6,1,7,27,0,1.0,0.0,1
4,Man City,Matheus Nunes,90,7.9,0,0,0,0,0,0.0,0.00730589,0,0,2,2,5,0,0.0,0,Matheus Nunes,389,90,0,0,0.0,0.01,9,1,11,34,0,1.0,0.0,1
4,Man City,Nico O'Reilly,8,6.5,0,0,0,0,0,0.0,0.00365999,0,0,0,0,0,0,0.0,0,Nico O'Reilly,387,8,0,0,0.0,0.0,1,0,0,3,0,1.0,0.0,0
4,Man City,Phil Foden,23,4.1,0,0,0,0,1,0.0,0.019466,0,0,0,0,0,0,0.0,0,Phil Foden,398,22,0,0,0.0,0.02,-2,0,0,-4,0,1.0,0.0,1
4,Man City,Rayan Cherki,45,6.6,0,1,0,0,0,0.0338,0.061061,0,0,0,0,1,0,0.0,0,Rayan Cherki,399,45,0,0,0.03,0.06,1,0,1,4,0,1.0,0.0,1
4,Man City,Rúben Dias,90,6.9,0,0,0,0,0,0.0,0.00370554,0,0,0,2,4,0,0.0,0,Rúben Dias,390,90,0,0,0.0,0.0,6,1,7,24,0,1.0,0.0,1
4,Man Utd,Benjamin Šeško,23,6.6,0,1,0,0,0,0.0592,0.00236023,0,0,0,0,0,0,0.0,0,Benjamin Šeško,439,23,0,0,0.06,0.0,1,0,2,4,0,1.1,0.0,0
4,Man Utd,Bruno Fernandes,90,7.5,1,1,0,0,1,0.0292,0.325853,0,0,2,0,1,0,0.0,0,Bruno Fernandes,426,90,0,0,0.03,0.33,2,0,7,17,0,1.1,0.0402,1
4,Man Utd,Bryan Mbeumo,90,5.9,1,3,0,1,2,0.4885,0.0784041,0,0,1,0,0,0,0.0,0,Bryan Mbeumo,427,90,0,0,0.49,0.08,2,0,5,9,0,1.1,0.2253,1
4,Man Utd,Diogo Dalot,90,6.6,0,1,0,0,1,0.0195,0.0471388,0,0,1,1,1,0,0.0,0,Diogo Dalot,417,90,0,0,0.02,0.05,2,0,3,9,0,1.1,0.0,1
4,Man Utd,Harry Maguire,90,6.5,0,2,0,0,0,0.1218,0.0112153,0,0,1,1,2,0,0.0,0,Harry Maguire,418,90,0,0,0.12,0.01,1,0,5,4,0,1.1,0.0,1
4,Man Utd,Joshua Zirkzee,13,6.5,0,0,0,0,0,0.0,0.00546358,0,0,0,0,1,0,0.0,0,Joshua Zirkzee,440,7,0,0,0.0,0.01,1,0,3,4,0,1.1,0.0,0
4,Man Utd,Kobbie Mainoo,90,7.5,0,1,0,0,3,0.0291,0.0730269,0,0,0,2,1,0,0.0,0,Kobbie Mainoo,432,90,0,0,0.03,0.07,4,0,13,20,0,1.1,0.0,1
4,Man Utd,Lisandro Martínez,90,7.0,1,1,0,0,0,0.0283,0.0757842,0,0,3,0,3,0,0.0,0,Lisandro Martínez,419,90,0,0,0.03,0.08,2,0,6,14,0,1.1,0.0096,1
4,Man Utd,Marcus Rashford,83,6.7,0,3,0,0,1,0.1157,0.0808741,0,0,1,1,1,0,0.0,0,Marcus Rashford,429,82,0,0,0.12,0.08,2,0,5,6,0,1.1,0.0,1
4,Man Utd,Matheus Cunha,90,6.7,0,3,0,0,1,0.108,0.0273895,0,0,1,0,0,0,0.0,0,Matheus Cunha,428,90,0,0,0.11,0.03,2,0,2,8,0,1.1,0.0,1
4,Man Utd,Patrick Dorgu,90,6.6,0,0,0,0,1,0.0,0.0323494,0,0,6,1,2,0,0.0,0,Patrick Dorgu,415,90,0,0,0.0,0.03,4,0,12,19,0,1.1,0.0,1
4,Man Utd,Senne Lammens,90,6.7,0,0,0,0,0,0.0,3e-05,0,0,0,0,1,1,-0.0345,0,Senne Lammens,412,90,0,0,0.0,0.0,2,0,0,5,1,1.1,0.0,1
4,Man Utd,Youri Tielemans,67,7.1,0,0,0,0,1,0.0,0.0362483,0,0,2,2,1,0,0.0,0,Youri Tielemans,43,66,0,0,0.0,0.04,2,0,5,15,0,1.1,0.0,1
4,Newcastle,Aladji Bamba,10,6.5,0,0,0,0,0,0.0,0.00052449,0,0,1,0,0,0,0.0,0,Aladji Bamba,559,10,0,0,0.0,0.0,1,0,2,4,0,1.91,0.0,0
4,Newcastle,Amar Dedić,58,5.7,0,0,0,0,0,0.0,0.00308929,0,0,3,0,2,0,0.0,0,Amar Dedić,593,57,0,0,0.0,0.0,0,0,5,-4,0,1.91,0.0,1
4,Newcastle,Bazoumana Touré,33,7.7,1,1,0,0,0,0.2846,0.0119831,1,0,0,0,0,0,0.0,0,Bazoumana Touré,461,33,1,0,0.28,0.01,6,0,2,24,0,1.91,0.5354,0
4,Newcastle,Harvey Barnes,90,6.9,2,2,0,1,1,0.2764,0.318025,0,0,0,1,2,0,0.0,0,Harvey Barnes,453,90,0,0,0.28,0.32,2,0,6,10,0,1.91,0.5152,1
4,Newcastle,Jacob Murphy,57,6.2,0,0,0,0,0,0.0,0.131238,0,0,1,0,0,0,0.0,0,Jacob Murphy,457,56,0,0,0.0,0.13,0,0,4,2,0,1.91,0.0,1
4,Newcastle,Joe Willock,33,6.7,1,2,0,0,1,0.1293,0.0289928,0,0,1,0,1,0,0.0,0,Joe Willock,460,33,0,0,0.13,0.03,1,0,4,8,0,1.91,0.0448,0
4,Newcastle,Lewis Hall,90,6.4,1,1,0,0,0,0.0227,0.0133382,0,0,4,0,2,0,0.0,0,Lewis Hall,449,90,0,0,0.02,0.01,0,0,6,9,0,1.91,0.0236,1
4,Newcastle,Lewis Miley,80,5.8,0,0,0,0,0,0.0,0.033384,0,0,1,1,1,0,0.0,0,Lewis Miley,459,79,0,0,0.0,0.03,0,0,10,9,0,1.91,0.0,1
4,Newcastle,Lukáš Horníček,90,6.6,0,0,0,0,0,0.0,0.00071562,0,0,0,0,2,3,-1.3194,0,Lukáš Horníček,567,90,0,0,0.0,0.0,1,0,0,1,3,1.91,0.0,1
4,Newcastle,Malick Thiaw,90,5.9,0,0,0,0,0,0.0,0.00471066,0,0,0,1,8,0,0.0,0,Malick Thiaw,445,90,0,0,0.0,0.0,2,0,10,-4,0,1.91,0.0,1
4,Newcastle,Matías Fernández-Pardo,57,6.5,0,0,0,0,1,0.0,0.00581627,0,0,1,0,0,0,0.0,0,Matías Fernández-Pardo,634,56,0,0,0.0,0.01,1,0,2,5,0,1.91,0.0,1
4,Newcastle,Nico González,19,6.5,0,0,0,0,0,0.0,0.00017986,0,0,0,0,0,0,0.0,0,Nico González,405,18,0,0,0.0,0.0,1,0,1,3,0,1.91,0.0,1
4,Newcastle,Sean Steur,71,6.2,0,0,0,0,1,0.0,0.0295625,0,0,2,1,1,0,0.0,0,Sean Steur,462,71,0,0,0.0,0.03,2,0,8,13,0,1.91,0.0,0
4,Newcastle,Sven Botman,90,6.0,0,0,0,0,0,0.0,0.00227959,0,0,2,1,14,0,0.0,0,Sven Botman,447,90,0,0,0.0,0.0,2,0,17,2,0,1.91,0.0,1
4,Newcastle,Tino Livramento,32,6.5,0,0,0,0,0,0.0,0.00735427,0,0,2,0,1,0,0.0,0,Tino Livramento,450,32,0,1,0.0,0.01,3,0,3,9,0,1.91,0.0,0
4,Newcastle,Yoane Wissa,90,5.8,0,1,1,0,2,0.1337,0.00492037,0,0,1,0,2,0,0.0,0,Yoane Wissa,464,90,0,0,0.13,0.0,2,0,5,7,0,1.91,0.0,1
4,Nott'm Forest,Chris Wood,1,0.0,0,0,0,0,0,0.0,0.0,0,0,0,0,0,0,0.0,0,Chris Wood,490,1,0,0,0.0,0.0,1,0,0,3,0,0.82,0.0,0
4,Nott'm Forest,Dan Ndoye,75,6.7,1,5,1,1,1,0.6983,0.246335,0,0,0,0,0,0,0.0,0,Dan Ndoye,483,74,0,0,0.7,0.25,1,0,2,1,0,0.82,0.3908,1
4,Nott'm Forest,Daniel Muñoz,90,8.0,1,1,1,1,5,0.2195,0.177497,0,0,4,0,3,0,0.0,0,Daniel Muñoz,201,90,0,0,0.22,0.18,2,0,7,23,0,0.82,0.5697,1
4,Nott'm Forest,Ibrahim Sangaré,8,6.6,0,1,0,0,0,0.0588,0.00643607,0,0,1,0,1,0,0.0,0,Ibrahim Sangaré,488,8,0,0,0.06,0.01,1,0,2,2,0,0.82,0.0,0
4,Nott'm Forest,Igor Jesus,15,7.6,1,1,0,0,1,0.1316,0.011594,1,0,0,0,0,0,0.0,0,Igor Jesus,491,15,1,0,0.13,0.01,7,0,3,34,0,0.82,0.8965,0
4,Nott'm Forest,James McAtee,82,7.4,1,2,0,0,2,0.0336,0.377028,0,0,3,1,3,0,0.0,0,James McAtee,486,81,0,0,0.03,0.38,3,0,12,18,0,0.82,0.0396,1
4,Nott'm Forest,Liam Delap,89,7.1,1,6,0,1,1,0.6292,0.0795653,1,0,1,0,1,0,0.0,0,Liam Delap,167,90,1,0,0.63,0.08,5,0,4,25,0,0.82,0.1417,1
4,Nott'm Forest,Matz Sels,90,7.5,0,0,0,0,0,0.0,0.00182948,0,0,0,0,2,5,0.2862,0,Matz Sels,467,90,0,0,0.0,0.0,3,0,0,19,5,0.82,0.0,1
4,Nott'm Forest,Morgan Gibbs-White,90,7.4,1,2,3,0,7,0.1558,0.90528,0,1,1,0,0,0,0.0,0,Morgan Gibbs-White,480,90,0,1,0.16,0.91,8,0,4,42,0,0.82,0.1128,1
4,Nott'm Forest,Murillo,90,6.7,0,0,0,0,1,0.0,0.00887981,0,1,2,2,8,0,0.0,0,Murillo,472,90,0,1,0.0,0.01,6,0,12,18,0,0.82,0.0,1
4,Nott'm Forest,Neco Williams,90,6.6,0,2,1,0,1,0.1951,0.160596,0,0,1,0,2,0,0.0,0,Neco Williams,469,90,0,0,0.2,0.16,2,0,3,9,0,0.82,0.0,1
4,Nott'm Forest,Ola Aina,90,6.8,0,0,0,0,0,0.0,0.00664615,0,0,3,1,4,0,0.0,0,Ola Aina,473,90,0,0,0.0,0.01,2,0,8,11,0,0.82,0.0,1
4,Nott'm Forest,Ousmane Diomande,90,6.9,0,1,0,1,0,0.1061,0.0029063,0,0,1,1,11,0,0.0,0,Ousmane Diomande,581,90,0,0,0.11,0.0,4,0,14,10,0,0.82,0.0,1
4,Nott'm Forest,Xaver Schlager,90,7.5,1,1,0,1,1,0.0569,0.0230165,0,0,6,3,0,0,0.0,0,Xaver Schlager,558,90,0,0,0.06,0.02,3,0,16,18,0,0.82,0.1938,1
4,Spurs,Andy Robertson,90,6.9,0,1,1,0,2,0.066,0.0886241,0,0,0,1,1,0,0.0,0,Andy Robertson,502,90,0,0,0.07,0.09,7,1,2,30,0,1.11,0.0,1
4,Spurs,Antonín Kinský,90,7.9,0,0,0,0,0,0.0,5.098e-05,0,0,0,0,4,3,0.6861,0,Antonín Kinský,496,90,0,0,0.0,0.0,7,1,0,29,3,1.11,0.0,1
4,Spurs,Archie Gray,85,7.0,0,2,0,0,0,0.0949,0.0258511,0,0,2,2,2,0,0.0,0,Archie Gray,522,84,0,0,0.09,0.03,3,1,11,13,0,1.11,0.0,1
4,Spurs,Dominic Solanke,63,6.1,0,0,0,0,0,0.0,0.00868922,0,0,0,0,0,0,0.0,0,Dominic Solanke,526,62,0,0,0.0,0.01,2,1,2,4,0,1.11,0.0,1
4,Spurs,James Maddison,13,6.7,0,0,0,0,0,0.0,0.0106004,0,0,0,1,0,0,0.0,0,James Maddison,515,13,0,0,0.0,0.01,1,0,3,3,0,1.11,0.0,0
4,Spurs,Jan Paul van Hecke,90,8.2,0,1,0,1,1,0.1448,0.0535678,0,0,2,1,8,0,0.0,0,Jan Paul van Hecke,112,90,0,0,0.14,0.05,8,1,13,27,0,1.11,0.0,1
4,Spurs,Lucas Bergvall,27,7.2,1,1,0,0,0,0.0574,0.247008,0,0,1,0,1,0,0.0,0,Lucas Bergvall,520,27,0,0,0.06,0.25,1,0,4,8,0,1.11,0.2206,0
4,Spurs,Mateus Fernandes,63,6.7,1,3,0,0,0,0.1108,0.0312692,0,0,2,0,0,0,0.0,0,Mateus Fernandes,525,62,0,0,0.11,0.03,3,1,4,15,0,1.11,0.0291,1
4,Spurs,Mathys Tel,27,6.8,0,1,0,0,0,0.0065,0.0938392,0,0,0,0,0,0,0.0,0,Mathys Tel,514,27,0,0,0.01,0.09,1,0,0,3,0,1.11,0.0,0
4,Spurs,Micky van de Ven,90,7.1,0,0,0,0,0,0.0,0.0175867,0,0,0,1,5,0,0.0,0,Micky van de Ven,503,90,0,0,0.0,0.02,6,1,6,27,0,1.11,0.0,1
4,Spurs,Mohammed Kudus,27,7.0,0,0,0,0,1,0.0,0.0456256,0,0,1,0,0,0,0.0,0,Mohammed Kudus,512,27,0,0,0.0,0.05,1,0,2,8,0,1.11,0.0,0
4,Spurs,Omar Marmoush,77,6.3,0,1,0,0,1,0.019,0.0276749,0,0,0,0,0,0,0.0,0,Omar Marmoush,401,76,0,0,0.02,0.03,2,1,5,9,0,1.11,0.0,1
4,Spurs,Rodrigo Bentancur,63,7.3,0,0,0,0,0,0.0,0.0389459,0,0,3,0,3,0,0.0,0,Rodrigo Bentancur,516,62,0,0,0.0,0.04,3,1,10,15,0,1.11,0.0,1
4,Spurs,Sandro Tonali,90,7.6,0,2,0,0,1,0.0916,0.314505,0,0,0,1,4,0,0.0,0,Sandro Tonali,455,90,0,0,0.09,0.31,3,1,11,16,0,1.11,0.0,1
4,Spurs,Sávio,90,7.0,0,2,0,0,4,0.1034,0.256464,0,0,0,0,0,0,0.0,0,Sávio,403,90,0,0,0.1,0.26,3,1,6,22,0,1.11,0.0,1
4,Spurs,Tosin Adarabioyo,8,6.8,0,0,0,0,0,0.0,0.00077862,0,0,2,0,2,0,0.0,0,Tosin Adarabioyo,147,5,0,0,0.0,0.0,1,0,4,5,0,1.11,0.0,0
4,Sunderland,Brian Brobbey,90,6.1,0,0,0,0,1,0.0,0.00957226,0,0,0,0,0,0,0.0,0,Brian Brobbey,552,90,0,0,0.0,0.01,1,0,4,4,0,1.88,0.0,1
4,Sunderland,Daniel Ballard,90,6.5,0,1,0,0,1,0.0843,0.0138452,0,0,1,1,4,0,0.0,1,Daniel Ballard,532,90,0,0,0.08,0.01,0,0,6,0,0,1.88,0.0,1
4,Sunderland,Enzo Le Fée,90,6.3,1,3,1,1,2,0.8452,0.589378,0,0,0,0,0,0,0.0,0,Enzo Le Fée,542,90,0,0,0.85,0.59,0,0,4,6,0,1.88,0.9183,1
4,Sunderland,Granit Xhaka,90,7.4,0,0,1,0,3,0.0,0.370431,0,0,1,1,1,0,0.0,0,Granit Xhaka,544,90,0,0,0.0,0.37,1,0,11,19,0,1.88,0.0,1
4,Sunderland,Kevin Danso,90,6.7,0,0,0,0,1,0.0,0.0827287,0,0,0,0,2,0,0.0,0,Kevin Danso,501,90,0,0,0.0,0.08,1,0,4,6,0,1.88,0.0,1
4,Sunderland,Malick Fofana,14,6.4,0,0,0,0,0,0.0,0.00139219,0,0,0,0,0,0,0.0,0,Malick Fofana,646,14,0,0,0.0,0.0,1,0,0,2,0,1.88,0.0,0
4,Sunderland,Nilson Angulo,70,6.3,0,0,0,0,0,0.0,0.00151055,0,0,2,0,0,0,0.0,0,Nilson Angulo,551,69,0,0,0.0,0.0,2,0,3,7,0,1.88,0.0,1
4,Sunderland,Noah Sadiki,90,6.7,0,1,0,0,0,0.0383,0.00471435,0,0,3,0,4,0,0.0,0,Noah Sadiki,545,90,0,0,0.04,0.0,2,0,10,11,0,1.88,0.0,1
4,Sunderland,Nordi Mukiele,90,6.6,1,4,0,2,0,0.7035,0.0195849,0,0,3,1,2,0,0.0,0,Nordi Mukiele,533,90,0,0,0.7,0.02,0,0,6,-5,0,1.88,0.739,1
4,Sunderland,Reinildo Mandava,90,6.1,0,0,0,0,0,0.0,0.00675142,0,0,1,2,4,0,0.0,0,Reinildo Mandava,536,90,0,0,0.0,0.01,-2,0,7,-12,0,1.88,0.0,1
4,Sunderland,Robin Roefs,90,6.9,0,0,0,0,0,0.0,0.00328634,0,0,0,0,1,3,-0.0857,0,Robin Roefs,529,90,0,0,0.0,0.0,2,0,0,9,3,1.88,0.0,1
4,Sunderland,Thomas Meunier,76,6.7,1,3,0,0,0,0.1298,0.00295024,0,0,0,0,2,0,0.0,0,Thomas Meunier,541,75,0,0,0.13,0.0,2,0,2,5,0,1.88,0.0,1
4,Sunderland,Wilson Isidor,20,6.3,0,0,0,0,0,0.0,0.00039599,0,0,1,0,0,0,0.0,0,Wilson Isidor,553,20,0,0,0.0,0.0,1,0,1,1,0,1.88,0.0,0
